2018-05-22 09:00,0.00030000,0.00030000,0.00011990,0.00012114,7560037.00000000
2018-05-22 15:00,0.00012114,0.00012260,0.00011862,0.00012161,2228908.00000000
2018-05-22 21:00,0.00012161,0.00012354,0.00011991,0.00012191,1694539.00000000
2018-05-23 03:00,0.00012178,0.00012800,0.00012087,0.00012477,2009553.00000000
2018-05-23 09:00,0.00012516,0.00012954,0.00012448,0.00012630,1925649.00000000
2018-05-23 15:00,0.00012649,0.00013289,0.00012500,0.00012789,4052088.00000000
2018-05-23 21:00,0.00012854,0.00015884,0.00012789,0.00013636,9146391.00000000
2018-05-24 03:00,0.00013634,0.00013742,0.00012824,0.00013455,4520194.00000000
2018-05-24 09:00,0.00013450,0.00013465,0.00012708,0.00012992,1639532.00000000
2018-05-24 15:00,0.00012993,0.00013948,0.00012953,0.00013563,2503724.00000000
2018-05-24 21:00,0.00013574,0.00013831,0.00013021,0.00013380,1767662.00000000
2018-05-25 03:00,0.00013380,0.00013520,0.00013067,0.00013237,1238956.00000000
2018-05-25 09:00,0.00013214,0.00013800,0.00013100,0.00013201,1361755.00000000
2018-05-25 15:00,0.00013202,0.00013924,0.00013100,0.00013624,1636823.00000000
2018-05-25 21:00,0.00013584,0.00013624,0.00013303,0.00013518,1204209.00000000
2018-05-26 03:00,0.00013508,0.00013899,0.00013489,0.00013650,1297205.00000000
2018-05-26 09:00,0.00013653,0.00013845,0.00013569,0.00013627,1500487.00000000
2018-05-26 15:00,0.00013634,0.00013688,0.00013225,0.00013323,1190886.00000000
2018-05-26 21:00,0.00013319,0.00013489,0.00013213,0.00013329,957334.00000000
2018-05-27 03:00,0.00013320,0.00013875,0.00013215,0.00013758,1161902.00000000
2018-05-27 09:00,0.00013755,0.00014200,0.00013633,0.00013944,1239479.00000000
2018-05-27 15:00,0.00013953,0.00014018,0.00013656,0.00013679,978348.00000000
2018-05-27 21:00,0.00013660,0.00013962,0.00013641,0.00013854,1187662.00000000
2018-05-28 03:00,0.00013853,0.00014200,0.00013735,0.00013800,1329296.00000000
2018-05-28 09:00,0.00013803,0.00014170,0.00013330,0.00014152,1610202.00000000
2018-05-28 15:00,0.00014151,0.00014300,0.00013969,0.00014110,1637221.00000000
2018-05-28 21:00,0.00014110,0.00014300,0.00013853,0.00014088,1780369.00000000
2018-05-29 03:00,0.00014074,0.00014399,0.00013989,0.00014332,1844137.00000000
2018-05-29 09:00,0.00014334,0.00014511,0.00014103,0.00014333,1743185.00000000
2018-05-29 15:00,0.00014334,0.00014420,0.00013343,0.00013460,1900172.00000000
2018-05-29 21:00,0.00013488,0.00013630,0.00013250,0.00013296,1890598.00000000
2018-05-30 03:00,0.00013301,0.00013612,0.00013080,0.00013437,1908815.00000000
2018-05-30 09:00,0.00013435,0.00013463,0.00008987,0.00013266,1569396.00000000
2018-05-30 15:00,0.00013266,0.00013478,0.00013172,0.00013274,1054038.00000000
2018-05-30 21:00,0.00013274,0.00013873,0.00013200,0.00013776,2072870.00000000
2018-05-31 03:00,0.00013778,0.00013880,0.00013490,0.00013509,1128442.00000000
2018-05-31 09:00,0.00013510,0.00013674,0.00013288,0.00013330,1039818.00000000
2018-05-31 15:00,0.00013311,0.00013500,0.00013116,0.00013267,1182426.00000000
2018-05-31 21:00,0.00013275,0.00013392,0.00013120,0.00013238,968135.00000000
2018-06-01 03:00,0.00013237,1.19000000,0.00013164,0.00013391,2164191.00000000
2018-06-01 09:00,0.00013390,0.00013466,0.00013316,0.00013424,901001.00000000
2018-06-01 15:00,0.00013417,0.00013669,0.00013200,0.00013669,925983.00000000
2018-06-01 21:00,0.00013669,0.00013718,0.00013413,0.00013508,1048997.00000000
2018-06-02 03:00,0.00013509,0.00013699,0.00013296,0.00013363,988817.00000000
2018-06-02 09:00,0.00013363,0.00013471,0.00013275,0.00013350,649652.00000000
2018-06-02 15:00,0.00013338,0.00013438,0.00013000,0.00013125,1226749.00000000
2018-06-02 21:00,0.00013125,0.00013231,0.00013020,0.00013125,948749.00000000
2018-06-03 03:00,0.00013124,0.00013383,0.00013040,0.00013136,1051112.00000000
2018-06-03 09:00,0.00013136,0.00013217,0.00013040,0.00013099,728192.00000000
2018-06-03 15:00,0.00013100,0.00013148,0.00012828,0.00012956,1279005.00000000
2018-06-03 21:00,0.00012968,0.00013150,0.00012901,0.00013021,1110257.00000000
2018-06-04 03:00,0.00013021,0.00013158,0.00012974,0.00013008,1124839.00000000
2018-06-04 09:00,0.00012993,0.00013189,0.00012896,0.00013100,958084.00000000
2018-06-04 15:00,0.00013099,0.00013408,0.00012980,0.00013373,1792172.00000000
2018-06-04 21:00,0.00013373,0.00013526,0.00013296,0.00013460,1422608.00000000
2018-06-05 03:00,0.00013456,0.00013554,0.00013271,0.00013441,1020133.00000000
2018-06-05 09:00,0.00013421,0.00013900,0.00013250,0.00013536,1703808.00000000
2018-06-05 15:00,0.00013548,0.00013639,0.00013414,0.00013513,863523.00000000
2018-06-05 21:00,0.00013513,0.00013621,0.00013100,0.00013126,1429902.00000000
2018-06-06 03:00,0.00013159,0.00013250,0.00013104,0.00013171,987144.00000000
2018-06-06 09:00,0.00013173,0.00013319,0.00013111,0.00013188,1049600.00000000
2018-06-06 15:00,0.00013188,0.00013245,0.00013040,0.00013129,789445.00000000
2018-06-06 21:00,0.00013128,0.00013402,0.00013032,0.00013346,939399.00000000
2018-06-07 03:00,0.00013324,0.00013403,0.00013000,0.00013061,1172920.00000000
2018-06-07 09:00,0.00013062,0.00013124,0.00012625,0.00012968,860463.00000000
2018-06-07 15:00,0.00012966,0.00013074,0.00012918,0.00013020,860333.00000000
2018-06-07 21:00,0.00013021,0.00013250,0.00012965,0.00012999,1027075.00000000
2018-06-08 03:00,0.00012993,0.00013279,0.00012942,0.00013062,965562.00000000
2018-06-08 09:00,0.00013062,0.00013292,0.00013027,0.00013183,1013385.00000000
2018-06-08 15:00,0.00013165,0.00013300,0.00012855,0.00013273,855768.00000000
2018-06-08 21:00,0.00013269,0.00013340,0.00013062,0.00013101,1019186.00000000
2018-06-09 03:00,0.00013114,0.00013194,0.00012906,0.00013158,863546.00000000
2018-06-09 09:00,0.00013166,0.00013175,0.00013030,0.00013070,558506.00000000
2018-06-09 15:00,0.00013068,0.00013180,0.00013045,0.00013068,1413180.00000000
2018-06-09 21:00,0.00013079,0.00013263,0.00013030,0.00013222,703918.00000000
2018-06-10 03:00,0.00013222,0.00013428,0.00013094,0.00013349,640700.00000000
2018-06-10 09:00,0.00013350,0.00013851,0.00013349,0.00013760,1593887.00000000
2018-06-10 15:00,0.00013800,0.00014037,0.00013670,0.00013852,1285794.00000000
2018-06-10 21:00,0.00013852,0.00015481,0.00013746,0.00014920,2239730.00000000
2018-06-11 03:00,0.00014915,0.00015475,0.00014625,0.00014806,3708462.00000000
2018-06-11 09:00,0.00014841,0.00015050,0.00014698,0.00015000,1302207.00000000
2018-06-11 15:00,0.00014955,0.00015227,0.00014752,0.00014871,1347380.00000000
2018-06-11 21:00,0.00014872,0.00015200,0.00014869,0.00015076,1259828.00000000
2018-06-12 03:00,0.00015031,0.00015137,0.00014445,0.00014573,1360298.00000000
2018-06-12 09:00,0.00014582,0.00014781,0.00014500,0.00014709,1027911.00000000
2018-06-12 15:00,0.00014692,0.00014812,0.00014600,0.00014702,843664.00000000
2018-06-12 21:00,0.00014702,0.00015095,0.00014687,0.00015016,1201838.00000000
2018-06-13 03:00,0.00015024,0.00015966,0.00015017,0.00015497,2223240.00000000
2018-06-13 09:00,0.00015504,0.00015584,0.00015210,0.00015319,983007.00000000
2018-06-13 15:00,0.00015310,0.00015891,0.00015219,0.00015616,2033038.00000000
2018-06-13 21:00,0.00015615,0.00016540,0.00015483,0.00015989,3566539.00000000
2018-06-14 03:00,0.00015989,0.00016209,0.00015800,0.00016004,1883717.00000000
2018-06-14 09:00,0.00015983,0.00016140,0.00015400,0.00015535,1651808.00000000
2018-06-14 15:00,0.00015533,0.00015572,0.00015343,0.00015368,1141155.00000000
2018-06-14 21:00,0.00015345,0.00016152,0.00014477,0.00015165,2498201.00000000
2018-06-15 03:00,0.00015165,0.00015595,0.00014737,0.00015139,1971639.00000000
2018-06-15 09:00,0.00015162,0.00015350,0.00015023,0.00015297,979852.00000000
2018-06-15 15:00,0.00015297,0.00015591,0.00015099,0.00015355,1042478.00000000
2018-06-15 21:00,0.00015355,0.00015550,0.00015227,0.00015372,822971.00000000
2018-06-16 03:00,0.00015372,0.00015770,0.00015282,0.00015769,940895.00000000
2018-06-16 09:00,0.00015770,0.00015776,0.00015536,0.00015587,634248.00000000
2018-06-16 15:00,0.00015587,0.00015669,0.00015471,0.00015595,650772.00000000
2018-06-16 21:00,0.00015614,0.00015993,0.00015273,0.00015413,1158117.00000000
2018-06-17 03:00,0.00015409,0.00015562,0.00015290,0.00015499,749913.00000000
2018-06-17 09:00,0.00015495,0.00015540,0.00015327,0.00015423,603473.00000000
2018-06-17 15:00,0.00015424,0.00015518,0.00015261,0.00015430,765162.00000000
2018-06-17 21:00,0.00015426,0.00015617,0.00015361,0.00015449,688573.00000000
2018-06-18 03:00,0.00015449,0.00015677,0.00015331,0.00015610,734828.00000000
2018-06-18 09:00,0.00015600,0.00015900,0.00015569,0.00015692,749277.00000000
2018-06-18 15:00,0.00015693,0.00015888,0.00015569,0.00015720,787454.00000000
2018-06-18 21:00,0.00015720,0.00015800,0.00014193,0.00014966,1969308.00000000
2018-06-19 03:00,0.00014966,0.00015139,0.00014800,0.00014969,947978.00000000
2018-06-19 09:00,0.00014971,0.00015170,0.00014882,0.00014996,485598.00000000
2018-06-19 15:00,0.00014980,0.00015062,0.00014800,0.00014925,647286.00000000
2018-06-19 21:00,0.00014925,0.00015099,0.00014676,0.00014968,1057455.00000000
2018-06-20 03:00,0.00014968,0.00015033,0.00014833,0.00014840,720368.00000000
2018-06-20 09:00,0.00014879,0.00015329,0.00014847,0.00015206,1289677.00000000
2018-06-20 15:00,0.00015228,0.00015240,0.00015025,0.00015129,599011.00000000
2018-06-20 21:00,0.00015130,0.00015243,0.00014672,0.00014823,1166769.00000000
2018-06-21 03:00,0.00014822,0.00014952,0.00014771,0.00014812,638491.00000000
2018-06-21 09:00,0.00014805,0.00014871,0.00014669,0.00014825,626943.00000000
2018-06-21 15:00,0.00014826,0.00015024,0.00014740,0.00014888,646145.00000000
2018-06-21 21:00,0.00014894,0.00015001,0.00014801,0.00014922,841866.00000000
2018-06-22 03:00,0.00014922,0.00015018,0.00014810,0.00014891,693445.00000000
2018-06-22 09:00,0.00014891,0.00015200,0.00014865,0.00015061,912024.00000000
2018-06-22 15:00,0.00015065,0.00015928,0.00014995,0.00015759,1781452.00000000
2018-06-22 21:00,0.00015781,0.00016500,0.00015754,0.00016301,2263944.00000000
2018-06-23 03:00,0.00016302,0.00017024,0.00016000,0.00016608,2728309.00000000
2018-06-23 09:00,0.00016608,0.00016660,0.00016182,0.00016504,1103057.00000000
2018-06-23 15:00,0.00016504,0.00016681,0.00016240,0.00016346,1284336.00000000
2018-06-23 21:00,0.00016333,0.00016539,0.00016305,0.00016325,970978.00000000
2018-06-24 03:00,0.00016326,0.00016434,0.00016003,0.00016271,878587.00000000
2018-06-24 09:00,0.00016270,0.00017146,0.00016210,0.00017043,3097464.00000000
2018-06-24 15:00,0.00017065,0.00017306,0.00016844,0.00016966,1881991.00000000
2018-06-24 21:00,0.00016985,0.00017441,0.00015854,0.00016156,3104805.00000000
2018-06-25 03:00,0.00016170,0.00016520,0.00016065,0.00016287,1452142.00000000
2018-06-25 09:00,0.00016324,0.00016509,0.00016107,0.00016229,925094.00000000
2018-06-25 15:00,0.00016248,0.00016302,0.00016000,0.00016001,721656.00000000
2018-06-25 21:00,0.00016021,0.00016415,0.00015750,0.00015907,2480619.00000000
2018-06-26 03:00,0.00015913,0.00016054,0.00015838,0.00015998,868389.00000000
2018-06-26 09:00,0.00015983,0.00016300,0.00015954,0.00016062,277412.00000000
2018-06-26 15:00,0.00016062,0.00016062,0.00016062,0.00016062,0.00000000
2018-06-26 21:00,0.00016074,0.00016450,0.00015992,0.00016155,1272737.00000000
2018-06-27 03:00,0.00016176,0.00016605,0.00015975,0.00016467,1250448.00000000
2018-06-27 09:00,0.00016433,0.00016701,0.00016344,0.00016435,1051442.00000000
2018-06-27 15:00,0.00016467,0.00016560,0.00016240,0.00016385,783598.00000000
2018-06-27 21:00,0.00016390,0.00016680,0.00016233,0.00016314,679326.00000000
2018-06-28 03:00,0.00016324,0.00016391,0.00016186,0.00016303,663466.00000000
2018-06-28 09:00,0.00016307,0.00016485,0.00016173,0.00016360,634414.00000000
2018-06-28 15:00,0.00016358,0.00016467,0.00016291,0.00016385,589690.00000000
2018-06-28 21:00,0.00016385,0.00016500,0.00016240,0.00016395,845995.00000000
2018-06-29 03:00,0.00016389,0.00017203,0.00016303,0.00017149,2250719.00000000
2018-06-29 09:00,0.00017149,0.00017392,0.00016806,0.00016970,1292684.00000000
2018-06-29 15:00,0.00016969,0.00017164,0.00016852,0.00017058,807819.00000000
2018-06-29 21:00,0.00017077,0.00017244,0.00016900,0.00016975,1112115.00000000
2018-06-30 03:00,0.00016975,0.00017124,0.00015702,0.00016147,1945022.00000000
2018-06-30 09:00,0.00016132,0.00016162,0.00015357,0.00015577,1990254.00000000
2018-06-30 15:00,0.00015615,0.00015707,0.00015518,0.00015624,949424.00000000
2018-06-30 21:00,0.00015625,0.00015805,0.00015470,0.00015785,1247625.00000000
2018-07-01 03:00,0.00015786,0.00015910,0.00015573,0.00015672,965161.00000000
2018-07-01 09:00,0.00015617,0.00015825,0.00015486,0.00015635,893616.00000000
2018-07-01 15:00,0.00015637,0.00015767,0.00015574,0.00015676,607726.00000000
2018-07-01 21:00,0.00015675,0.00016000,0.00015602,0.00015799,1117909.00000000
2018-07-02 03:00,0.00015775,0.00015901,0.00015520,0.00015701,1286848.00000000
2018-07-02 09:00,0.00015701,0.00015930,0.00015700,0.00015881,667376.00000000
2018-07-02 15:00,0.00015871,0.00015943,0.00015672,0.00015759,646983.00000000
2018-07-02 21:00,0.00015743,0.00015800,0.00014708,0.00015053,2720108.00000000
2018-07-03 03:00,0.00015054,0.00015186,0.00014822,0.00015050,1078416.00000000
2018-07-03 09:00,0.00015052,0.00015159,0.00014900,0.00015104,868229.00000000
2018-07-03 15:00,0.00015081,0.00015336,0.00014990,0.00015175,1104940.00000000
2018-07-03 21:00,0.00015176,0.00015375,0.00015075,0.00015104,1088445.00000000
2018-07-04 03:00,0.00015104,0.00015485,0.00014957,0.00015362,1626923.00000000
2018-07-04 09:00,0.00015381,0.00015449,0.00015298,0.00015417,49862.00000000
2018-07-04 15:00,0.00015417,0.00015489,0.00015160,0.00015234,659078.00000000
2018-07-04 21:00,0.00015208,0.00015235,0.00014671,0.00014786,1680738.00000000
2018-07-05 03:00,0.00014813,0.00015127,0.00014704,0.00015093,1035043.00000000
2018-07-05 09:00,0.00015105,0.00015340,0.00014859,0.00015055,956599.00000000
2018-07-05 15:00,0.00015055,0.00015242,0.00014858,0.00015043,627124.00000000
2018-07-05 21:00,0.00015052,0.00015290,0.00014943,0.00015153,924711.00000000
2018-07-06 03:00,0.00015222,0.00015625,0.00015133,0.00015279,1218951.00000000
2018-07-06 09:00,0.00015280,0.00015395,0.00015201,0.00015365,1001315.00000000
2018-07-06 15:00,0.00015365,0.00015499,0.00015085,0.00015259,778926.00000000
2018-07-06 21:00,0.00015236,0.00015415,0.00014991,0.00015088,1140429.00000000
2018-07-07 03:00,0.00015075,0.00015266,0.00015040,0.00015073,862724.00000000
2018-07-07 09:00,0.00015113,0.00015215,0.00015040,0.00015113,505672.00000000
2018-07-07 15:00,0.00015113,0.00015200,0.00015023,0.00015126,594353.00000000
2018-07-07 21:00,0.00015125,0.00015368,0.00015075,0.00015219,737583.00000000
2018-07-08 03:00,0.00015219,0.00015377,0.00014610,0.00014730,1166098.00000000
2018-07-08 09:00,0.00014748,0.00014808,0.00014650,0.00014705,3862104.00000000
2018-07-08 15:00,0.00014734,0.00014777,0.00014659,0.00014720,550294.00000000
2018-07-08 21:00,0.00014725,0.00014780,0.00014564,0.00014662,1152542.00000000
2018-07-09 03:00,0.00014662,0.00014870,0.00014647,0.00014853,709108.00000000
2018-07-09 09:00,0.00014839,0.00014934,0.00014745,0.00014843,671935.00000000
2018-07-09 15:00,0.00014836,0.00014929,0.00014729,0.00014760,602969.00000000
2018-07-09 21:00,0.00014760,0.00014866,0.00014682,0.00014839,776680.00000000
2018-07-10 03:00,0.00014807,0.00014860,0.00014438,0.00014756,876658.00000000
2018-07-10 09:00,0.00014785,0.00014905,0.00014713,0.00014898,807649.00000000
2018-07-10 15:00,0.00014887,0.00015758,0.00014878,0.00015661,2387294.00000000
2018-07-10 21:00,0.00015676,0.00015746,0.00015487,0.00015661,1280972.00000000
2018-07-11 03:00,0.00015661,0.00015920,0.00015488,0.00015846,880040.00000000
2018-07-11 09:00,0.00015859,0.00015887,0.00015447,0.00015762,972781.00000000
2018-07-11 15:00,0.00015759,0.00015875,0.00015590,0.00015647,909316.00000000
2018-07-11 21:00,0.00015647,0.00015785,0.00015580,0.00015755,601059.00000000
2018-07-12 03:00,0.00015760,0.00015891,0.00015605,0.00015616,690409.00000000
2018-07-12 09:00,0.00015616,0.00015846,0.00015590,0.00015789,701982.00000000
2018-07-12 15:00,0.00015789,0.00016319,0.00015788,0.00016244,1394280.00000000
2018-07-12 21:00,0.00016240,0.00016246,0.00016062,0.00016182,758501.00000000
2018-07-13 03:00,0.00016182,0.00016444,0.00015961,0.00015974,1401614.00000000
2018-07-13 09:00,0.00015974,0.00016079,0.00015764,0.00015926,966346.00000000
2018-07-13 15:00,0.00015940,0.00016043,0.00015925,0.00015930,543000.00000000
2018-07-13 21:00,0.00015930,0.00015995,0.00015839,0.00015945,674419.00000000
2018-07-14 03:00,0.00015914,0.00016350,0.00015764,0.00016069,931583.00000000
2018-07-14 09:00,0.00016110,0.00016151,0.00015930,0.00016061,497442.00000000
2018-07-14 15:00,0.00016067,0.00016198,0.00016025,0.00016065,509257.00000000
2018-07-14 21:00,0.00016066,0.00016074,0.00015888,0.00015901,500838.00000000
2018-07-15 03:00,0.00015901,0.00016091,0.00015771,0.00015961,607893.00000000
2018-07-15 09:00,0.00015930,0.00015999,0.00015828,0.00015865,486961.00000000
2018-07-15 15:00,0.00015841,0.00015928,0.00015606,0.00015704,625726.00000000
2018-07-15 21:00,0.00015709,0.00015751,0.00015514,0.00015632,552149.00000000
2018-07-16 03:00,0.00015632,0.00015758,0.00015582,0.00015711,535672.00000000
2018-07-16 09:00,0.00015735,0.00015782,0.00015611,0.00015676,503291.00000000
2018-07-16 15:00,0.00015675,0.00015695,0.00014921,0.00015055,1138954.00000000
2018-07-16 21:00,0.00015050,0.00015195,0.00014820,0.00014920,850581.00000000
2018-07-17 03:00,0.00014945,0.00015008,0.00014750,0.00014874,728024.00000000
2018-07-17 09:00,0.00014882,0.00015033,0.00014671,0.00014900,926123.00000000
2018-07-17 15:00,0.00014909,0.00015067,0.00014770,0.00014914,842680.00000000
2018-07-17 21:00,0.00014914,0.00014957,0.00013752,0.00013853,1176008.00000000
2018-07-18 03:00,0.00013870,0.00013870,0.00013287,0.00013564,2190869.00000000
2018-07-18 09:00,0.00013562,0.00013599,0.00013214,0.00013299,1358424.00000000
2018-07-18 15:00,0.00013298,0.00013526,0.00013246,0.00013325,1577162.00000000
2018-07-18 21:00,0.00013324,0.00013409,0.00013122,0.00013164,1001878.00000000
2018-07-19 03:00,0.00013150,0.00013790,0.00012000,0.00013431,2529423.00000000
2018-07-19 09:00,0.00013386,0.00013688,0.00013372,0.00013547,1003429.00000000
2018-07-19 15:00,0.00013547,0.00013640,0.00013370,0.00013453,821020.00000000
2018-07-19 21:00,0.00013450,0.00013570,0.00013213,0.00013417,996478.00000000
2018-07-20 03:00,0.00013426,0.00013513,0.00013065,0.00013263,1091707.00000000
2018-07-20 09:00,0.00013267,0.00013500,0.00013267,0.00013406,738611.00000000
2018-07-20 15:00,0.00013406,0.00013585,0.00013241,0.00013241,782000.00000000
2018-07-20 21:00,0.00013240,0.00013662,0.00012931,0.00013588,1697855.00000000
2018-07-21 03:00,0.00013587,0.00013890,0.00013500,0.00013629,1440727.00000000
2018-07-21 09:00,0.00013629,0.00013890,0.00013222,0.00013576,1235019.00000000
2018-07-21 15:00,0.00013601,0.00013669,0.00013508,0.00013620,618503.00000000
2018-07-21 21:00,0.00013631,0.00013659,0.00013353,0.00013404,845872.00000000
2018-07-22 03:00,0.00013378,0.00013500,0.00013242,0.00013448,823685.00000000
2018-07-22 09:00,0.00013412,0.00013556,0.00013305,0.00013440,633825.00000000
2018-07-22 15:00,0.00013450,0.00013532,0.00013300,0.00013313,540084.00000000
2018-07-22 21:00,0.00013332,0.00013382,0.00013094,0.00013278,892286.00000000
2018-07-23 03:00,0.00013251,0.00013548,0.00013122,0.00013426,838560.00000000
2018-07-23 09:00,0.00013421,0.00013501,0.00012860,0.00012986,685507.00000000
2018-07-23 15:00,0.00012951,0.00013012,0.00012741,0.00012967,1100288.00000000
2018-07-23 21:00,0.00012966,0.00013014,0.00012760,0.00012860,1260878.00000000
2018-07-24 03:00,0.00012848,0.00013028,0.00012732,0.00012918,755897.00000000
2018-07-24 09:00,0.00012907,0.00012980,0.00012394,0.00012431,785612.00000000
2018-07-24 15:00,0.00012435,0.00012589,0.00011978,0.00012011,1084794.00000000
2018-07-24 21:00,0.00012020,0.00012260,0.00011851,0.00012077,1495326.00000000
2018-07-25 03:00,0.00012064,0.00012149,0.00011691,0.00011833,753662.00000000
2018-07-25 09:00,0.00011844,0.00012081,0.00011717,0.00011844,781783.00000000
2018-07-25 15:00,0.00011820,0.00012270,0.00011810,0.00012155,1047168.00000000
2018-07-25 21:00,0.00012161,0.00012389,0.00012118,0.00012328,1153439.00000000
2018-07-26 03:00,0.00012303,0.00012389,0.00011919,0.00012215,1518467.00000000
2018-07-26 09:00,0.00012181,0.00012256,0.00012059,0.00012140,869299.00000000
2018-07-26 15:00,0.00012152,0.00012162,0.00011979,0.00012072,704952.00000000
2018-07-26 21:00,0.00012073,0.00012192,0.00012071,0.00012148,582495.00000000
2018-07-27 03:00,0.00012137,0.00012737,0.00012018,0.00012602,1733877.00000000
2018-07-27 09:00,0.00012577,0.00012708,0.00012542,0.00012557,870430.00000000
2018-07-27 15:00,0.00012574,0.00012663,0.00012410,0.00012592,697835.00000000
2018-07-27 21:00,0.00012592,0.00012800,0.00012083,0.00012231,1306672.00000000
2018-07-28 03:00,0.00012187,0.00012320,0.00012006,0.00012236,1053801.00000000
2018-07-28 09:00,0.00012190,0.00012276,0.00012138,0.00012213,643088.00000000
2018-07-28 15:00,0.00012214,0.00012260,0.00012151,0.00012203,487382.00000000
2018-07-28 21:00,0.00012203,0.00012385,0.00012151,0.00012210,829126.00000000
2018-07-29 03:00,0.00012181,0.00012269,0.00012121,0.00012121,575451.00000000
2018-07-29 09:00,0.00012149,0.00012212,0.00012025,0.00012203,563781.00000000
2018-07-29 15:00,0.00012177,0.00012329,0.00012137,0.00012235,612484.00000000
2018-07-29 21:00,0.00012233,0.00012276,0.00012112,0.00012190,706998.00000000
2018-07-30 03:00,0.00012176,0.00012224,0.00012061,0.00012135,739766.00000000
2018-07-30 09:00,0.00012146,0.00012364,0.00012090,0.00012182,673829.00000000
2018-07-30 15:00,0.00012182,0.00012400,0.00012182,0.00012260,745162.00000000
2018-07-30 21:00,0.00012259,0.00012728,0.00011111,0.00012630,1374940.00000000
2018-07-31 03:00,0.00012635,0.00012728,0.00012116,0.00012239,1078040.00000000
2018-07-31 09:00,0.00012226,0.00012394,0.00012195,0.00012278,488277.00000000
2018-07-31 15:00,0.00012299,0.00012621,0.00012258,0.00012539,1066714.00000000
2018-07-31 21:00,0.00012526,0.00013075,0.00012491,0.00012895,1630164.00000000
2018-08-01 03:00,0.00012934,0.00013100,0.00012812,0.00012954,804370.00000000
2018-08-01 09:00,0.00012954,0.00013400,0.00012884,0.00013287,3162462.00000000
2018-08-01 15:00,0.00013303,0.00013568,0.00013120,0.00013300,2726017.00000000
2018-08-01 21:00,0.00013277,0.00013456,0.00013112,0.00013296,938678.00000000
2018-08-02 03:00,0.00013278,0.00014325,0.00013131,0.00013209,1313567.00000000
2018-08-02 09:00,0.00013228,0.00013246,0.00012998,0.00013099,756852.00000000
2018-08-02 15:00,0.00013099,0.00013296,0.00012990,0.00013229,592101.00000000
2018-08-02 21:00,0.00013229,0.00013450,0.00013165,0.00013377,804418.00000000
2018-08-03 03:00,0.00013353,0.00013420,0.00013206,0.00013321,600717.00000000
2018-08-03 09:00,0.00013305,0.00013800,0.00013305,0.00013680,1144380.00000000
2018-08-03 15:00,0.00013688,0.00013730,0.00013504,0.00013653,822514.00000000
2018-08-03 21:00,0.00013632,0.00013674,0.00013242,0.00013257,1178421.00000000
2018-08-04 03:00,0.00013266,0.00013590,0.00013216,0.00013463,714256.00000000
2018-08-04 09:00,0.00013459,0.00013523,0.00013271,0.00013375,730006.00000000
2018-08-04 15:00,0.00013415,0.00013543,0.00013291,0.00013468,872678.00000000
2018-08-04 21:00,0.00013508,0.00014418,0.00013467,0.00014332,1279935.00000000
2018-08-05 03:00,0.00014319,0.00014386,0.00014165,0.00014289,990370.00000000
2018-08-05 09:00,0.00014261,0.00014549,0.00014200,0.00014331,819749.00000000
2018-08-05 15:00,0.00014294,0.00014450,0.00014069,0.00014216,661008.00000000
2018-08-05 21:00,0.00014216,0.00014525,0.00014131,0.00014302,932971.00000000
2018-08-06 03:00,0.00014317,0.00014352,0.00014085,0.00014194,503095.00000000
2018-08-06 09:00,0.00014200,0.00014238,0.00013920,0.00014094,705015.00000000
2018-08-06 15:00,0.00014095,0.00014440,0.00014015,0.00014314,635085.00000000
2018-08-06 21:00,0.00014333,0.00014552,0.00014287,0.00014455,779084.00000000
2018-08-07 03:00,0.00014455,0.00014630,0.00014342,0.00014442,966954.00000000
2018-08-07 09:00,0.00014437,0.00014500,0.00014305,0.00014441,632146.00000000
2018-08-07 15:00,0.00014451,0.00014472,0.00014075,0.00014134,837782.00000000
2018-08-07 21:00,0.00014126,0.00014190,0.00013964,0.00014014,736756.00000000
2018-08-08 03:00,0.00014034,0.00015014,0.00014000,0.00014902,2106967.00000000
2018-08-08 09:00,0.00014902,0.00015694,0.00014901,0.00015295,1454165.00000000
2018-08-08 15:00,0.00015335,0.00015554,0.00015266,0.00015369,787977.00000000
2018-08-08 21:00,0.00015368,0.00016284,0.00015332,0.00016079,2014764.00000000
2018-08-09 03:00,0.00016054,0.00016331,0.00015563,0.00015918,1732892.00000000
2018-08-09 09:00,0.00015949,0.00015991,0.00015648,0.00015803,283913.00000000
2018-08-09 15:00,0.00015754,0.00015976,0.00015667,0.00015843,355673.00000000
2018-08-09 21:00,0.00015867,0.00016194,0.00015162,0.00015420,1414226.00000000
2018-08-10 03:00,0.00015421,0.00015555,0.00014907,0.00015301,878255.00000000
2018-08-10 09:00,0.00015334,0.00015696,0.00015178,0.00015570,700907.00000000
2018-08-10 15:00,0.00015570,0.00015888,0.00015458,0.00015803,669530.00000000
2018-08-10 21:00,0.00015819,0.00015866,0.00015336,0.00015596,831501.00000000
2018-08-11 03:00,0.00015596,0.00016605,0.00015560,0.00016255,1821177.00000000
2018-08-11 09:00,0.00016298,0.00016717,0.00016147,0.00016451,860541.00000000
2018-08-11 15:00,0.00016451,0.00016600,0.00016137,0.00016355,1583559.00000000
2018-08-11 21:00,0.00016403,0.00016572,0.00015428,0.00015497,1544293.00000000
2018-08-12 03:00,0.00015506,0.00016075,0.00015442,0.00016044,992611.00000000
2018-08-12 09:00,0.00016072,0.00016252,0.00015674,0.00015717,821474.00000000
2018-08-12 15:00,0.00015717,0.00015884,0.00015675,0.00015724,662103.00000000
2018-08-12 21:00,0.00015690,0.00016080,0.00015664,0.00015837,710452.00000000
2018-08-13 03:00,0.00015881,0.00016042,0.00015450,0.00015835,707434.00000000
2018-08-13 09:00,0.00015832,0.00015854,0.00015650,0.00015747,544090.00000000
2018-08-13 15:00,0.00015767,0.00015792,0.00015270,0.00015498,827221.00000000
2018-08-13 21:00,0.00015498,0.00016278,0.00015435,0.00016049,1352437.00000000
2018-08-14 03:00,0.00016065,0.00016180,0.00015853,0.00016014,857212.00000000
2018-08-14 09:00,0.00016014,0.00017036,0.00015994,0.00016806,2542412.00000000
2018-08-14 15:00,0.00016795,0.00016930,0.00016518,0.00016677,1214161.00000000
2018-08-14 21:00,0.00016678,0.00016787,0.00016213,0.00016642,1325462.00000000
2018-08-15 03:00,0.00016595,0.00016662,0.00016051,0.00016214,815969.00000000
2018-08-15 09:00,0.00016203,0.00016250,0.00015721,0.00015974,1054180.00000000
2018-08-15 15:00,0.00015974,0.00016032,0.00015504,0.00015763,1001742.00000000
2018-08-15 21:00,0.00015763,0.00015903,0.00015150,0.00015250,1834253.00000000
2018-08-16 03:00,0.00015239,0.00016200,0.00015153,0.00015949,1348747.00000000
2018-08-16 09:00,0.00015962,0.00016289,0.00015761,0.00015917,684768.00000000
2018-08-16 15:00,0.00015917,0.00015975,0.00015300,0.00015538,1152793.00000000
2018-08-16 21:00,0.00015571,0.00015954,0.00015457,0.00015606,1137486.00000000
2018-08-17 03:00,0.00015607,0.00016155,0.00015523,0.00015839,898035.00000000
2018-08-17 09:00,0.00015839,0.00015947,0.00015333,0.00015543,829275.00000000
2018-08-17 15:00,0.00015543,0.00015657,0.00015255,0.00015455,1150513.00000000
2018-08-17 21:00,0.00015455,0.00015572,0.00015262,0.00015386,912042.00000000
2018-08-18 03:00,0.00015368,0.00015540,0.00015209,0.00015210,1141933.00000000
2018-08-18 09:00,0.00015209,0.00015500,0.00015089,0.00015394,953590.00000000
2018-08-18 15:00,0.00015394,0.00015547,0.00015317,0.00015358,695270.00000000
2018-08-18 21:00,0.00015364,0.00015944,0.00015331,0.00015818,1343411.00000000
2018-08-19 03:00,0.00015848,0.00015849,0.00015526,0.00015673,716960.00000000
2018-08-19 09:00,0.00015672,0.00015880,0.00015631,0.00015711,521594.00000000
2018-08-19 15:00,0.00015713,0.00015736,0.00015493,0.00015528,633462.00000000
2018-08-19 21:00,0.00015531,0.00015800,0.00015301,0.00015740,816835.00000000
2018-08-20 03:00,0.00015745,0.00015785,0.00015259,0.00015405,654829.00000000
2018-08-20 09:00,0.00015404,0.00015501,0.00015307,0.00015414,648735.00000000
2018-08-20 15:00,0.00015431,0.00015679,0.00015400,0.00015503,695212.00000000
2018-08-20 21:00,0.00015485,0.00015648,0.00015377,0.00015453,736578.00000000
2018-08-21 03:00,0.00015466,0.00016133,0.00015420,0.00016016,1425343.00000000
2018-08-21 09:00,0.00016016,0.00016044,0.00015779,0.00015875,654054.00000000
2018-08-21 15:00,0.00015873,0.00015873,0.00015384,0.00015536,990946.00000000
2018-08-21 21:00,0.00015495,0.00015699,0.00015457,0.00015560,654584.00000000
2018-08-22 03:00,0.00015550,0.00015623,0.00015384,0.00015441,675386.00000000
2018-08-22 09:00,0.00015440,0.00015553,0.00014541,0.00014978,1694344.00000000
2018-08-22 15:00,0.00014978,0.00015108,0.00014922,0.00015008,758744.00000000
2018-08-22 21:00,0.00015007,0.00015684,0.00014961,0.00015558,937171.00000000
2018-08-23 03:00,0.00015529,0.00016080,0.00015500,0.00015757,1500678.00000000
2018-08-23 09:00,0.00015758,0.00015812,0.00015504,0.00015523,710091.00000000
2018-08-23 15:00,0.00015544,0.00015670,0.00015501,0.00015669,568608.00000000
2018-08-23 21:00,0.00015660,0.00015680,0.00015407,0.00015500,788858.00000000
2018-08-24 03:00,0.00015505,0.00015735,0.00015250,0.00015358,809030.00000000
2018-08-24 09:00,0.00015357,0.00015495,0.00015282,0.00015360,736911.00000000
2018-08-24 15:00,0.00015337,0.00015420,0.00015204,0.00015322,841051.00000000
2018-08-24 21:00,0.00015317,0.00015532,0.00015124,0.00015192,909642.00000000
2018-08-25 03:00,0.00015206,0.00015220,0.00014900,0.00015003,856632.00000000
2018-08-25 09:00,0.00015002,0.00015036,0.00014751,0.00014921,688816.00000000
2018-08-25 15:00,0.00014936,0.00015099,0.00014892,0.00014933,708152.00000000
2018-08-25 21:00,0.00014944,0.00015024,0.00014815,0.00014866,673535.00000000
2018-08-26 03:00,0.00014869,0.00014987,0.00014792,0.00014840,589504.00000000
2018-08-26 09:00,0.00014869,0.00015207,0.00014793,0.00015178,691697.00000000
2018-08-26 15:00,0.00015178,0.00015400,0.00014910,0.00014965,742395.00000000
2018-08-26 21:00,0.00014965,0.00015133,0.00014824,0.00015061,796055.00000000
2018-08-27 03:00,0.00015061,0.00015207,0.00014933,0.00014995,989247.00000000
2018-08-27 09:00,0.00014977,0.00015079,0.00014856,0.00014908,719895.00000000
2018-08-27 15:00,0.00014907,0.00014983,0.00014825,0.00014944,824074.00000000
2018-08-27 21:00,0.00014935,0.00015018,0.00014743,0.00014856,741467.00000000
2018-08-28 03:00,0.00014841,0.00014909,0.00014403,0.00014500,1006139.00000000
2018-08-28 09:00,0.00014500,0.00014622,0.00014400,0.00014502,739319.00000000
2018-08-28 15:00,0.00014501,0.00014516,0.00014200,0.00014216,806869.00000000
2018-08-28 21:00,0.00014230,0.00014347,0.00014075,0.00014181,1207857.00000000
2018-08-29 03:00,0.00014198,0.00014241,0.00014000,0.00014177,974033.00000000
2018-08-29 09:00,0.00014142,0.00014300,0.00014061,0.00014188,852663.00000000
2018-08-29 15:00,0.00014210,0.00014238,0.00014046,0.00014119,674821.00000000
2018-08-29 21:00,0.00014118,0.00014479,0.00014058,0.00014234,1136654.00000000
2018-08-30 03:00,0.00014263,0.00014380,0.00014097,0.00014237,729827.00000000
2018-08-30 09:00,0.00014237,0.00014419,0.00014148,0.00014380,747705.00000000
2018-08-30 15:00,0.00014413,0.00014795,0.00014324,0.00014621,1169389.00000000
2018-08-30 21:00,0.00014600,0.00014735,0.00014466,0.00014603,1239523.00000000
2018-08-31 03:00,0.00014603,0.00014735,0.00014285,0.00014340,1014634.00000000
2018-08-31 09:00,0.00014296,0.00014456,0.00014000,0.00014284,806400.00000000
2018-08-31 15:00,0.00014286,0.00014532,0.00014268,0.00014358,786964.00000000
2018-08-31 21:00,0.00014358,0.00014534,0.00014059,0.00014209,1005257.00000000
2018-09-01 03:00,0.00014196,0.00014306,0.00014107,0.00014251,716359.00000000
2018-09-01 09:00,0.00014251,0.00014280,0.00014130,0.00014234,759134.00000000
2018-09-01 15:00,0.00014195,0.00014230,0.00014044,0.00014162,638399.00000000
2018-09-01 21:00,0.00014154,0.00014250,0.00013803,0.00013916,1770932.00000000
2018-09-02 03:00,0.00013920,0.00013990,0.00013750,0.00013929,805623.00000000
2018-09-02 09:00,0.00013938,0.00014150,0.00013755,0.00013835,876237.00000000
2018-09-02 15:00,0.00013835,0.00013895,0.00013651,0.00013831,1050727.00000000
2018-09-02 21:00,0.00013849,0.00013970,0.00013670,0.00013754,890948.00000000
2018-09-03 03:00,0.00013735,0.00013796,0.00013640,0.00013736,706387.00000000
2018-09-03 09:00,0.00013733,0.00013946,0.00013678,0.00013883,992866.00000000
2018-09-03 15:00,0.00013898,0.00014000,0.00013752,0.00013848,1555935.00000000
2018-09-03 21:00,0.00013861,0.00013874,0.00013692,0.00013756,1076979.00000000
2018-09-04 03:00,0.00013752,0.00013847,0.00013632,0.00013799,775601.00000000
2018-09-04 09:00,0.00013800,0.00013841,0.00013718,0.00013781,628092.00000000
2018-09-04 15:00,0.00013781,0.00013782,0.00013604,0.00013641,894539.00000000
2018-09-04 21:00,0.00013641,0.00013671,0.00013514,0.00013553,1125468.00000000
2018-09-05 03:00,0.00013553,0.00013670,0.00013525,0.00013624,1535735.00000000
2018-09-05 09:00,0.00013636,0.00013651,0.00013568,0.00013572,649924.00000000
2018-09-05 15:00,0.00013583,0.00014650,0.00013532,0.00014327,2112296.00000000
2018-09-05 21:00,0.00014306,0.00014650,0.00013991,0.00014520,2528212.00000000
2018-09-06 03:00,0.00014542,0.00015000,0.00014338,0.00014995,1790245.00000000
2018-09-06 09:00,0.00014993,0.00015850,0.00014900,0.00015630,2999956.00000000
2018-09-06 15:00,0.00015639,0.00015986,0.00015522,0.00015646,1494351.00000000
2018-09-06 21:00,0.00015646,0.00015720,0.00015316,0.00015685,1405492.00000000
2018-09-07 03:00,0.00015685,0.00015777,0.00015340,0.00015380,1168823.00000000
2018-09-07 09:00,0.00015381,0.00015501,0.00015270,0.00015392,833094.00000000
2018-09-07 15:00,0.00015371,0.00015879,0.00015340,0.00015760,1058356.00000000
2018-09-07 21:00,0.00015760,0.00015806,0.00015481,0.00015684,850064.00000000
2018-09-08 03:00,0.00015633,0.00015726,0.00015520,0.00015694,972102.00000000
2018-09-08 09:00,0.00015701,0.00015724,0.00015525,0.00015568,462172.00000000
2018-09-08 15:00,0.00015583,0.00015602,0.00015451,0.00015557,677364.00000000
2018-09-08 21:00,0.00015557,0.00016452,0.00015557,0.00016157,1388239.00000000
2018-09-09 03:00,0.00016158,0.00016467,0.00016133,0.00016197,1626269.00000000
2018-09-09 09:00,0.00016197,0.00016351,0.00016171,0.00016199,712640.00000000
2018-09-09 15:00,0.00016188,0.00016229,0.00015424,0.00015671,1284469.00000000
2018-09-09 21:00,0.00015673,0.00015780,0.00015458,0.00015698,802478.00000000
2018-09-10 03:00,0.00015698,0.00016111,0.00015601,0.00016039,816885.00000000
2018-09-10 09:00,0.00016025,0.00016031,0.00015696,0.00015888,653502.00000000
2018-09-10 15:00,0.00015908,0.00016010,0.00015780,0.00015898,493808.00000000
2018-09-10 21:00,0.00015884,0.00016100,0.00015808,0.00016032,741028.00000000
2018-09-11 03:00,0.00015989,0.00016050,0.00015820,0.00015885,594090.00000000
2018-09-11 09:00,0.00015849,0.00015930,0.00015660,0.00015834,579392.00000000
2018-09-11 15:00,0.00015833,0.00016050,0.00015744,0.00015997,628353.00000000
2018-09-11 21:00,0.00015975,0.00016290,0.00015903,0.00016099,1201110.00000000
2018-09-12 03:00,0.00016090,0.00016227,0.00015817,0.00015901,775363.00000000
2018-09-12 09:00,0.00015903,0.00016108,0.00015891,0.00015978,618656.00000000
2018-09-12 15:00,0.00015979,0.00016205,0.00015937,0.00016086,678617.00000000
2018-09-12 21:00,0.00016049,0.00016087,0.00015846,0.00015943,607769.00000000
2018-09-13 03:00,0.00015900,0.00015977,0.00015750,0.00015799,686911.00000000
2018-09-13 09:00,0.00015798,0.00015829,0.00015540,0.00015678,823840.00000000
2018-09-13 15:00,0.00015678,0.00015707,0.00015390,0.00015466,1275712.00000000
2018-09-13 21:00,0.00015466,0.00015549,0.00015272,0.00015438,1328189.00000000
2018-09-14 03:00,0.00015438,0.00015619,0.00015345,0.00015434,1144247.00000000
2018-09-14 09:00,0.00015417,0.00015519,0.00015184,0.00015269,704629.00000000
2018-09-14 15:00,0.00015299,0.00015678,0.00015211,0.00015481,751157.00000000
2018-09-14 21:00,0.00015481,0.00015596,0.00015344,0.00015500,1153754.00000000
2018-09-15 03:00,0.00015502,0.00015553,0.00015276,0.00015406,691096.00000000
2018-09-15 09:00,0.00015423,0.00015458,0.00015328,0.00015436,685092.00000000
2018-09-15 15:00,0.00015436,0.00015490,0.00015276,0.00015349,839289.00000000
2018-09-15 21:00,0.00015348,0.00015373,0.00015244,0.00015300,591304.00000000
2018-09-16 03:00,0.00015301,0.00015489,0.00015271,0.00015368,672985.00000000
2018-09-16 09:00,0.00015367,0.00015700,0.00015339,0.00015471,576884.00000000
2018-09-16 15:00,0.00015525,0.00015558,0.00015363,0.00015442,551102.00000000
2018-09-16 21:00,0.00015430,0.00015603,0.00015375,0.00015501,575242.00000000
2018-09-17 03:00,0.00015446,0.00015485,0.00015378,0.00015407,617559.00000000
2018-09-17 09:00,0.00015402,0.00015484,0.00015288,0.00015430,594863.00000000
2018-09-17 15:00,0.00015431,0.00015600,0.00015370,0.00015469,766591.00000000
2018-09-17 21:00,0.00015469,0.00016113,0.00015468,0.00015913,1418302.00000000
2018-09-18 03:00,0.00015934,0.00016413,0.00015857,0.00016400,1968629.00000000
2018-09-18 09:00,0.00016399,0.00016806,0.00016016,0.00016050,1335650.00000000
2018-09-18 15:00,0.00016040,0.00016181,0.00015933,0.00016004,929002.00000000
2018-09-18 21:00,0.00016003,0.00016030,0.00015601,0.00015879,1568827.00000000
2018-09-19 03:00,0.00015879,0.00015969,0.00015752,0.00015840,731067.00000000
2018-09-19 09:00,0.00015850,0.00015879,0.00015735,0.00015773,553499.00000000
2018-09-19 15:00,0.00015791,0.00016077,0.00015729,0.00015972,818167.00000000
2018-09-19 21:00,0.00015966,0.00016150,0.00015765,0.00015884,1042596.00000000
2018-09-20 03:00,0.00015864,0.00016443,0.00015264,0.00015729,2067511.00000000
2018-09-20 09:00,0.00015707,0.00015780,0.00015555,0.00015684,592497.00000000
2018-09-20 15:00,0.00015702,0.00015750,0.00015526,0.00015587,650012.00000000
2018-09-20 21:00,0.00015586,0.00015701,0.00015496,0.00015646,884983.00000000
2018-09-21 03:00,0.00015649,0.00015848,0.00015136,0.00015426,1291912.00000000
2018-09-21 09:00,0.00015433,0.00015438,0.00015206,0.00015321,963718.00000000
2018-09-21 15:00,0.00015330,0.00015340,0.00014795,0.00014832,1468403.00000000
2018-09-21 21:00,0.00014832,0.00015035,0.00014766,0.00014945,1640685.00000000
2018-09-22 03:00,0.00014915,0.00014993,0.00014701,0.00014795,1633949.00000000
2018-09-22 09:00,0.00014795,0.00014925,0.00014635,0.00014859,1151506.00000000
2018-09-22 15:00,0.00014850,0.00015131,0.00014835,0.00015018,945844.00000000
2018-09-22 21:00,0.00015019,0.00015083,0.00014902,0.00015007,485044.00000000
2018-09-23 03:00,0.00015028,0.00015100,0.00014825,0.00014910,257324.00000000
2018-09-23 09:00,0.00014900,0.00015006,0.00014835,0.00014898,550227.00000000
2018-09-23 15:00,0.00014862,0.00014947,0.00014725,0.00014793,865928.00000000
2018-09-23 21:00,0.00014824,0.00015030,0.00014801,0.00014948,1022036.00000000
2018-09-24 03:00,0.00014967,0.00015025,0.00014859,0.00014932,786243.00000000
2018-09-24 09:00,0.00014930,0.00015017,0.00014853,0.00014986,589459.00000000
2018-09-24 15:00,0.00014986,0.00015300,0.00014960,0.00015206,1529061.00000000
2018-09-24 21:00,0.00015207,0.00015248,0.00015048,0.00015068,1043221.00000000
2018-09-25 03:00,0.00015062,0.00015279,0.00015024,0.00015227,900873.00000000
2018-09-25 09:00,0.00015228,0.00015641,0.00015227,0.00015510,1099895.00000000
2018-09-25 15:00,0.00015500,0.00015791,0.00015491,0.00015634,1021384.00000000
2018-09-25 21:00,0.00015634,0.00015765,0.00015501,0.00015687,989974.00000000
2018-09-26 03:00,0.00015691,0.00015830,0.00015500,0.00015517,1064909.00000000
2018-09-26 09:00,0.00015531,0.00015698,0.00015468,0.00015522,687300.00000000
2018-09-26 15:00,0.00015538,0.00015590,0.00015335,0.00015341,1027613.00000000
2018-09-26 21:00,0.00015340,0.00015497,0.00015271,0.00015293,789891.00000000
2018-09-27 03:00,0.00015304,0.00015603,0.00015302,0.00015501,695351.00000000
2018-09-27 09:00,0.00015489,0.00015501,0.00015351,0.00015449,515311.00000000
2018-09-27 15:00,0.00015465,0.00015588,0.00015420,0.00015429,580896.00000000
2018-09-27 21:00,0.00015430,0.00015474,0.00015312,0.00015443,1009008.00000000
2018-09-28 03:00,0.00015449,0.00015458,0.00014740,0.00014987,3528583.00000000
2018-09-28 09:00,0.00014986,0.00015027,0.00014901,0.00014943,731101.00000000
2018-09-28 15:00,0.00014923,0.00015217,0.00014700,0.00015059,1443916.00000000
2018-09-28 21:00,0.00015068,0.00015260,0.00014977,0.00015058,705351.00000000
2018-09-29 03:00,0.00015072,0.00015344,0.00014976,0.00015120,669451.00000000
2018-09-29 09:00,0.00015121,0.00015497,0.00015088,0.00015446,951290.00000000
2018-09-29 15:00,0.00015433,0.00015517,0.00015142,0.00015221,765344.00000000
2018-09-29 21:00,0.00015207,0.00015349,0.00015150,0.00015193,688077.00000000
2018-09-30 03:00,0.00015205,0.00015255,0.00015112,0.00015202,700251.00000000
2018-09-30 09:00,0.00015202,0.00015300,0.00015190,0.00015264,580624.00000000
2018-09-30 15:00,0.00015256,0.00015294,0.00015021,0.00015146,747458.00000000
2018-09-30 21:00,0.00015144,0.00015261,0.00015084,0.00015140,862627.00000000
2018-10-01 03:00,0.00015151,0.00015345,0.00015092,0.00015171,793982.00000000
2018-10-01 09:00,0.00015172,0.00015210,0.00015042,0.00015133,663784.00000000
2018-10-01 15:00,0.00015133,0.00015350,0.00015106,0.00015240,681901.00000000
2018-10-01 21:00,0.00015252,0.00015462,0.00015136,0.00015243,974766.00000000
2018-10-02 03:00,0.00015243,0.00015350,0.00015104,0.00015233,1220494.00000000
2018-10-02 09:00,0.00015227,0.00015271,0.00015142,0.00015190,650579.00000000
2018-10-02 15:00,0.00015220,0.00015340,0.00015190,0.00015301,782327.00000000
2018-10-02 21:00,0.00015301,0.00015550,0.00015256,0.00015422,1529398.00000000
2018-10-03 03:00,0.00015410,0.00015525,0.00015297,0.00015467,934139.00000000
2018-10-03 09:00,0.00015442,0.00015777,0.00015381,0.00015607,999786.00000000
2018-10-03 15:00,0.00015639,0.00015699,0.00015490,0.00015525,1106356.00000000
2018-10-03 21:00,0.00015525,0.00015646,0.00015404,0.00015534,1138884.00000000
2018-10-04 03:00,0.00015541,0.00015754,0.00015510,0.00015642,872071.00000000
2018-10-04 09:00,0.00015642,0.00015658,0.00015186,0.00015340,998286.00000000
2018-10-04 15:00,0.00015339,0.00015444,0.00015232,0.00015380,1135829.00000000
2018-10-04 21:00,0.00015372,0.00015477,0.00015285,0.00015296,1009101.00000000
2018-10-05 03:00,0.00015319,0.00015398,0.00015232,0.00015279,860274.00000000
2018-10-05 09:00,0.00015281,0.00015399,0.00015169,0.00015324,526369.00000000
2018-10-05 15:00,0.00015296,0.00015337,0.00015204,0.00015251,794661.00000000
2018-10-05 21:00,0.00015283,0.00015312,0.00015225,0.00015304,1210983.00000000
2018-10-06 03:00,0.00015295,0.00015310,0.00015012,0.00015164,1025802.00000000
2018-10-06 09:00,0.00015164,0.00015299,0.00014600,0.00015188,780170.00000000
2018-10-06 15:00,0.00015213,0.00015321,0.00015127,0.00015259,608682.00000000
2018-10-06 21:00,0.00015287,0.00015358,0.00015228,0.00015268,852584.00000000
2018-10-07 03:00,0.00015260,0.00015316,0.00015226,0.00015254,532234.00000000
2018-10-07 09:00,0.00015246,0.00015317,0.00015216,0.00015253,465966.00000000
2018-10-07 15:00,0.00015269,0.00015410,0.00015252,0.00015372,669914.00000000
2018-10-07 21:00,0.00015344,0.00015394,0.00015229,0.00015275,619335.00000000
2018-10-08 03:00,0.00015266,0.00015331,0.00015156,0.00015204,690669.00000000
2018-10-08 09:00,0.00015204,0.00015269,0.00015179,0.00015251,797764.00000000
2018-10-08 15:00,0.00015258,0.00015272,0.00015099,0.00015118,778316.00000000
2018-10-08 21:00,0.00015121,0.00015148,0.00014873,0.00015071,1762317.00000000
2018-10-09 03:00,0.00015071,0.00015127,0.00014983,0.00015073,991799.00000000
2018-10-09 09:00,0.00015077,0.00015147,0.00015033,0.00015128,513908.00000000
2018-10-09 15:00,0.00015103,0.00015200,0.00015087,0.00015188,541571.00000000
2018-10-09 21:00,0.00015187,0.00015300,0.00015144,0.00015183,955669.00000000
2018-10-10 03:00,0.00015172,0.00015207,0.00015109,0.00015137,571630.00000000
2018-10-10 09:00,0.00015143,0.00015500,0.00015139,0.00015459,772721.00000000
2018-10-10 15:00,0.00015461,0.00015508,0.00015312,0.00015384,867379.00000000
2018-10-10 21:00,0.00015384,0.00015416,0.00015289,0.00015302,940879.00000000
2018-10-11 03:00,0.00015302,0.00015384,0.00015217,0.00015297,954989.00000000
2018-10-11 09:00,0.00015332,0.00016380,0.00015290,0.00016215,3195864.00000000
2018-10-11 15:00,0.00016261,0.00016520,0.00016133,0.00016368,2355386.00000000
2018-10-11 21:00,0.00016333,0.00016476,0.00016040,0.00016241,2453231.00000000
2018-10-12 03:00,0.00016240,0.00016652,0.00016100,0.00016500,2171658.00000000
2018-10-12 09:00,0.00016500,0.00016570,0.00016161,0.00016197,1559232.00000000
2018-10-12 15:00,0.00016179,0.00016333,0.00015900,0.00016271,1392074.00000000
2018-10-12 21:00,0.00016289,0.00016290,0.00016065,0.00016178,1159177.00000000
2018-10-13 03:00,0.00016219,0.00016260,0.00016102,0.00016200,830098.00000000
2018-10-13 09:00,0.00016228,0.00016460,0.00016153,0.00016327,1020508.00000000
2018-10-13 15:00,0.00016296,0.00016497,0.00016226,0.00016456,877222.00000000
2018-10-13 21:00,0.00016459,0.00016512,0.00016250,0.00016306,1317409.00000000
2018-10-14 03:00,0.00016291,0.00016353,0.00016224,0.00016304,1023872.00000000
2018-10-14 09:00,0.00016288,0.00016353,0.00016105,0.00016163,906229.00000000
2018-10-14 15:00,0.00016175,0.00016370,0.00016123,0.00016343,1441231.00000000
2018-10-14 21:00,0.00016347,0.00016380,0.00016191,0.00016219,1549204.00000000
2018-10-15 03:00,0.00016259,0.00016550,0.00016132,0.00016459,2179005.00000000
2018-10-15 09:00,0.00016460,0.00016580,0.00015783,0.00015999,3931554.00000000
2018-10-15 15:00,0.00015993,0.00017000,0.00015208,0.00016030,17468767.00000000
2018-10-15 21:00,0.00016064,0.00016393,0.00015631,0.00015843,5668570.00000000
2018-10-16 03:00,0.00015831,0.00016266,0.00015583,0.00015650,3257398.00000000
2018-10-16 09:00,0.00015649,0.00015773,0.00015324,0.00015336,2042559.00000000
2018-10-16 15:00,0.00015417,0.00015650,0.00015342,0.00015490,2473846.00000000
2018-10-16 21:00,0.00015490,0.00015683,0.00015462,0.00015623,1941770.00000000
2018-10-17 03:00,0.00015593,0.00015672,0.00015440,0.00015559,1859158.00000000
2018-10-17 09:00,0.00015561,0.00015630,0.00015489,0.00015573,1971338.00000000
2018-10-17 15:00,0.00015588,0.00015677,0.00015517,0.00015570,1541054.00000000
2018-10-17 21:00,0.00015583,0.00015659,0.00015448,0.00015470,2066290.00000000
2018-10-18 03:00,0.00015469,0.00015598,0.00015448,0.00015553,1224452.00000000
2018-10-18 09:00,0.00015553,0.00015584,0.00015400,0.00015564,932862.00000000
2018-10-18 15:00,0.00015565,0.00015604,0.00015502,0.00015555,1048203.00000000
2018-10-18 21:00,0.00015567,0.00015839,0.00015529,0.00015680,2442684.00000000
2018-10-19 03:00,0.00015679,0.00015820,0.00015581,0.00015673,2955749.00000000
2018-10-19 09:00,0.00015672,0.00015747,0.00015539,0.00015747,1260126.00000000
2018-10-19 15:00,0.00015746,0.00015774,0.00015662,0.00015722,506670.00000000
2018-10-19 21:00,0.00015722,0.00015797,0.00015622,0.00015649,1444875.00000000
2018-10-20 03:00,0.00015655,0.00015709,0.00015600,0.00015673,1037907.00000000
2018-10-20 09:00,0.00015673,0.00015780,0.00015600,0.00015622,1015380.00000000
2018-10-20 15:00,0.00015621,0.00015652,0.00015460,0.00015520,1606465.00000000
2018-10-20 21:00,0.00015515,0.00015649,0.00015486,0.00015578,965857.00000000
2018-10-21 03:00,0.00015578,0.00015694,0.00015571,0.00015608,1003470.00000000
2018-10-21 09:00,0.00015610,0.00015615,0.00015487,0.00015533,1097765.00000000
2018-10-21 15:00,0.00015531,0.00015575,0.00015487,0.00015526,944814.00000000
2018-10-21 21:00,0.00015526,0.00015576,0.00015487,0.00015534,744992.00000000
2018-10-22 03:00,0.00015536,0.00015699,0.00015517,0.00015652,1123064.00000000
2018-10-22 09:00,0.00015668,0.00015720,0.00015520,0.00015591,1234387.00000000
2018-10-22 15:00,0.00015600,0.00015710,0.00015540,0.00015652,1323520.00000000
2018-10-22 21:00,0.00015644,0.00015710,0.00015550,0.00015624,1011869.00000000
2018-10-23 03:00,0.00015626,0.00015656,0.00015474,0.00015580,1014437.00000000
2018-10-23 09:00,0.00015581,0.00015656,0.00015500,0.00015622,726838.00000000
2018-10-23 15:00,0.00015624,0.00015734,0.00015606,0.00015690,846729.00000000
2018-10-23 21:00,0.00015700,0.00015735,0.00015600,0.00015672,2018828.00000000
2018-10-24 03:00,0.00015681,0.00015696,0.00015550,0.00015654,1078747.00000000
2018-10-24 09:00,0.00015647,0.00015664,0.00014999,0.00015493,1810056.00000000
2018-10-24 15:00,0.00015491,0.00015573,0.00015446,0.00015542,940848.00000000
2018-10-24 21:00,0.00015524,0.00015628,0.00015499,0.00015562,846769.00000000
2018-10-25 03:00,0.00015544,0.00015633,0.00015535,0.00015596,855232.00000000
2018-10-25 09:00,0.00015596,0.00015750,0.00015553,0.00015661,1660033.00000000
2018-10-25 15:00,0.00015655,0.00015700,0.00015612,0.00015653,1261663.00000000
2018-10-25 21:00,0.00015654,0.00015750,0.00015604,0.00015636,2089764.00000000
2018-10-26 03:00,0.00015643,0.00015673,0.00015590,0.00015665,892767.00000000
2018-10-26 09:00,0.00015672,0.00015699,0.00015610,0.00015663,500788.00000000
2018-10-26 15:00,0.00015663,0.00015750,0.00015517,0.00015617,1410791.00000000
2018-10-26 21:00,0.00015614,0.00015701,0.00015600,0.00015623,1599326.00000000
2018-10-27 03:00,0.00015612,0.00015671,0.00015601,0.00015630,902387.00000000
2018-10-27 09:00,0.00015626,0.00015646,0.00015576,0.00015598,1324247.00000000
2018-10-27 15:00,0.00015598,0.00015640,0.00015576,0.00015613,976653.00000000
2018-10-27 21:00,0.00015619,0.00015715,0.00015600,0.00015643,2080383.00000000
2018-10-28 03:00,0.00015643,0.00015698,0.00015542,0.00015580,1497240.00000000
2018-10-28 09:00,0.00015580,0.00015630,0.00015490,0.00015578,1703815.00000000
2018-10-28 15:00,0.00015578,0.00015660,0.00015575,0.00015629,936343.00000000
2018-10-28 21:00,0.00015628,0.00015644,0.00015566,0.00015628,1006254.00000000
2018-10-29 03:00,0.00015626,0.00015669,0.00015566,0.00015603,1219667.00000000
2018-10-29 09:00,0.00015600,0.00015622,0.00015566,0.00015605,892081.00000000
2018-10-29 15:00,0.00015608,0.00015999,0.00015576,0.00015810,3692557.00000000
2018-10-29 21:00,0.00015809,0.00016150,0.00015800,0.00015974,2811156.00000000
2018-10-30 03:00,0.00015970,0.00016060,0.00015930,0.00015964,2059501.00000000
2018-10-30 09:00,0.00015981,0.00015993,0.00015592,0.00015942,1435801.00000000
2018-10-30 15:00,0.00015940,0.00016013,0.00015818,0.00015962,1572371.00000000
2018-10-30 21:00,0.00015961,0.00015980,0.00015902,0.00015967,1413421.00000000
2018-10-31 03:00,0.00015966,0.00016013,0.00015895,0.00015921,1758975.00000000
2018-10-31 09:00,0.00015934,0.00015971,0.00015918,0.00015939,1053819.00000000
2018-10-31 15:00,0.00015940,0.00016000,0.00015921,0.00015940,1140675.00000000
2018-10-31 21:00,0.00015954,0.00016215,0.00015691,0.00015856,2858745.00000000
2018-11-01 03:00,0.00015867,0.00015875,0.00015770,0.00015844,1738596.00000000
2018-11-01 09:00,0.00015831,0.00015864,0.00015814,0.00015837,1004475.00000000
2018-11-01 15:00,0.00015836,0.00015858,0.00015787,0.00015832,1267673.00000000
2018-11-01 21:00,0.00015833,0.00015865,0.00015802,0.00015823,1253032.00000000
2018-11-02 03:00,0.00015823,0.00015843,0.00015650,0.00015731,1333458.00000000
2018-11-02 09:00,0.00015739,0.00015748,0.00015620,0.00015688,1148939.00000000
2018-11-02 15:00,0.00015682,0.00015764,0.00015661,0.00015718,960732.00000000
2018-11-02 21:00,0.00015718,0.00015747,0.00015630,0.00015692,1249338.00000000
2018-11-03 03:00,0.00015693,0.00015694,0.00015616,0.00015657,1310506.00000000
2018-11-03 09:00,0.00015657,0.00015740,0.00015640,0.00015717,923879.00000000
2018-11-03 15:00,0.00015722,0.00015849,0.00015700,0.00015783,1295091.00000000
2018-11-03 21:00,0.00015778,0.00015839,0.00015758,0.00015771,1030541.00000000
2018-11-04 03:00,0.00015771,0.00015783,0.00015690,0.00015739,720254.00000000
2018-11-04 09:00,0.00015758,0.00015800,0.00015719,0.00015745,638022.00000000
2018-11-04 15:00,0.00015761,0.00015777,0.00015636,0.00015724,1028194.00000000
2018-11-04 21:00,0.00015724,0.00015740,0.00015499,0.00015504,1686957.00000000
2018-11-05 03:00,0.00015517,0.00015568,0.00015300,0.00015500,1729173.00000000
2018-11-05 09:00,0.00015526,0.00015570,0.00015476,0.00015539,973231.00000000
2018-11-05 15:00,0.00015539,0.00015611,0.00015493,0.00015558,939225.00000000
2018-11-05 21:00,0.00015563,0.00015623,0.00015446,0.00015587,1569834.00000000
2018-11-06 03:00,0.00015588,0.00015678,0.00015518,0.00015547,952139.00000000
2018-11-06 09:00,0.00015559,0.00015641,0.00015500,0.00015618,1286944.00000000
2018-11-06 15:00,0.00015618,0.00015618,0.00015444,0.00015572,1413341.00000000
2018-11-06 21:00,0.00015542,0.00015570,0.00015373,0.00015510,1184243.00000000
2018-11-07 03:00,0.00015510,0.00015549,0.00015298,0.00015427,1346236.00000000
2018-11-07 09:00,0.00015441,0.00015461,0.00015210,0.00015339,1950097.00000000
2018-11-07 15:00,0.00015328,0.00015390,0.00015269,0.00015348,1513989.00000000
2018-11-07 21:00,0.00015349,0.00015434,0.00015282,0.00015305,990076.00000000
2018-11-08 03:00,0.00015305,0.00015351,0.00015289,0.00015351,802000.00000000
2018-11-08 09:00,0.00015335,0.00015508,0.00015207,0.00015470,1302639.00000000
2018-11-08 15:00,0.00015466,0.00015499,0.00015421,0.00015474,1248482.00000000
2018-11-08 21:00,0.00015474,0.00015596,0.00015373,0.00015554,1017368.00000000
2018-11-09 03:00,0.00015554,0.00015624,0.00015501,0.00015597,982858.00000000
2018-11-09 09:00,0.00015600,0.00015680,0.00015555,0.00015571,685029.00000000
2018-11-09 15:00,0.00015573,0.00015778,0.00015534,0.00015723,1086436.00000000
2018-11-09 21:00,0.00015724,0.00015829,0.00015682,0.00015724,1006635.00000000
2018-11-10 03:00,0.00015725,0.00015859,0.00015707,0.00015775,871697.00000000
2018-11-10 09:00,0.00015778,0.00015792,0.00015678,0.00015705,547645.00000000
2018-11-10 15:00,0.00015698,0.00015759,0.00015680,0.00015693,609227.00000000
2018-11-10 21:00,0.00015693,0.00015714,0.00015594,0.00015688,700881.00000000
2018-11-11 03:00,0.00015690,0.00015740,0.00015657,0.00015711,382274.00000000
2018-11-11 09:00,0.00015735,0.00015743,0.00015669,0.00015741,367054.00000000
2018-11-11 15:00,0.00015741,0.00015771,0.00015660,0.00015737,437219.00000000
2018-11-11 21:00,0.00015739,0.00015916,0.00015725,0.00015819,633204.00000000
2018-11-12 03:00,0.00015813,0.00015877,0.00015690,0.00015725,402817.00000000
2018-11-12 09:00,0.00015698,0.00015727,0.00015622,0.00015693,539878.00000000
2018-11-12 15:00,0.00015685,0.00015774,0.00015664,0.00015737,707112.00000000
2018-11-12 21:00,0.00015739,0.00015777,0.00015575,0.00015749,1255257.00000000
2018-11-13 03:00,0.00015768,0.00015864,0.00015726,0.00015782,606238.00000000
2018-11-13 09:00,0.00015800,0.00015963,0.00015778,0.00015844,566888.00000000
2018-11-13 15:00,0.00015845,0.00015978,0.00015838,0.00015894,681025.00000000
2018-11-13 21:00,0.00015896,0.00015930,0.00015798,0.00015848,710318.00000000
2018-11-14 03:00,0.00015866,0.00015988,0.00015849,0.00015953,1515818.00000000
2018-11-14 09:00,0.00015970,0.00016015,0.00015929,0.00015931,525207.00000000
2018-11-14 15:00,0.00015925,0.00016444,0.00015925,0.00016229,1403473.00000000
2018-11-14 21:00,0.00016229,0.00017994,0.00016155,0.00017301,8300777.00000000
2018-11-15 03:00,0.00017241,0.00018924,0.00017241,0.00017760,9499402.00000000
2018-11-15 09:00,0.00017742,0.00018288,0.00017581,0.00017996,4406769.00000000
2018-11-15 15:00,0.00018015,0.00018716,0.00017880,0.00018536,4209072.00000000
2018-11-15 21:00,0.00018537,0.00019300,0.00017806,0.00018191,7568010.00000000
2018-11-16 03:00,0.00018203,0.00018549,0.00017888,0.00017969,2709870.00000000
2018-11-16 09:00,0.00017963,0.00018185,0.00017800,0.00018132,1926489.00000000
2018-11-16 15:00,0.00018132,0.00018389,0.00017974,0.00018062,3145539.00000000
2018-11-16 21:00,0.00018061,0.00018185,0.00017900,0.00018102,2253545.00000000
2018-11-17 03:00,0.00018109,0.00018523,0.00018074,0.00018231,2755033.00000000
2018-11-17 09:00,0.00018207,0.00018419,0.00018193,0.00018368,1198154.00000000
2018-11-17 15:00,0.00018368,0.00018413,0.00018120,0.00018240,1208160.00000000
2018-11-17 21:00,0.00018247,0.00018355,0.00018063,0.00018269,1404266.00000000
2018-11-18 03:00,0.00018269,0.00018311,0.00018147,0.00018184,984640.00000000
2018-11-18 09:00,0.00018180,0.00018211,0.00018000,0.00018040,1034477.00000000
2018-11-18 15:00,0.00018030,0.00018223,0.00018005,0.00018146,974340.00000000
2018-11-18 21:00,0.00018158,0.00018175,0.00018020,0.00018062,962740.00000000
2018-11-19 03:00,0.00018062,0.00018149,0.00017810,0.00017983,1772408.00000000
2018-11-19 09:00,0.00017985,0.00018850,0.00017983,0.00018564,3334006.00000000
2018-11-19 15:00,0.00018565,0.00019688,0.00018552,0.00019345,8150402.00000000
2018-11-19 21:00,0.00019347,0.00020130,0.00019281,0.00019916,6542495.00000000
2018-11-20 03:00,0.00019932,0.00021218,0.00019800,0.00021056,9964634.00000000
2018-11-20 09:00,0.00021056,0.00021960,0.00020440,0.00021729,6329559.00000000
2018-11-20 15:00,0.00021729,0.00023790,0.00021583,0.00023329,13260394.00000000
2018-11-20 21:00,0.00023374,0.00023490,0.00020575,0.00022493,12397843.00000000
2018-11-21 03:00,0.00022493,0.00024800,0.00021730,0.00023035,11526996.00000000
2018-11-21 09:00,0.00023069,0.00023682,0.00022210,0.00023218,6366270.00000000
2018-11-21 15:00,0.00023218,0.00023282,0.00021564,0.00022283,7306307.00000000
2018-11-21 21:00,0.00022285,0.00023000,0.00021877,0.00022641,6323979.00000000
2018-11-22 03:00,0.00022642,0.00023132,0.00021800,0.00022017,5579618.00000000
2018-11-22 09:00,0.00022002,0.00022348,0.00021807,0.00022102,3043519.00000000
2018-11-22 15:00,0.00022111,0.00022836,0.00022075,0.00022644,3373235.00000000
2018-11-22 21:00,0.00022617,0.00022978,0.00022380,0.00022444,3856182.00000000
2018-11-23 03:00,0.00022429,0.00023623,0.00022385,0.00023503,4337384.00000000
2018-11-23 09:00,0.00023503,0.00024480,0.00023150,0.00023700,6530371.00000000
2018-11-23 15:00,0.00023679,0.00023938,0.00023000,0.00023351,3313144.00000000
2018-11-23 21:00,0.00023377,0.00024119,0.00023242,0.00023737,4428674.00000000
2018-11-24 03:00,0.00023718,0.00023830,0.00022870,0.00023348,3582875.00000000
2018-11-24 09:00,0.00023326,0.00023550,0.00022869,0.00023437,3315372.00000000
2018-11-24 15:00,0.00023422,0.00023648,0.00023173,0.00023468,2559484.00000000
2018-11-24 21:00,0.00023468,0.00023923,0.00023447,0.00023823,2920034.00000000
2018-11-25 03:00,0.00023771,0.00027261,0.00023720,0.00026490,11678684.00000000
2018-11-25 09:00,0.00026486,0.00027770,0.00026070,0.00027281,5349928.00000000
2018-11-25 15:00,0.00027299,0.00028832,0.00025523,0.00026481,8205102.00000000
2018-11-25 21:00,0.00026453,0.00027542,0.00024960,0.00027206,6050389.00000000
2018-11-26 03:00,0.00027176,0.00027272,0.00024342,0.00025422,8810061.00000000
2018-11-26 09:00,0.00025444,0.00025800,0.00024760,0.00025260,4400550.00000000
2018-11-26 15:00,0.00025269,0.00026300,0.00024595,0.00025568,5252245.00000000
2018-11-26 21:00,0.00025567,0.00028500,0.00025494,0.00026811,9477253.00000000
2018-11-27 03:00,0.00026794,0.00028040,0.00025939,0.00026801,6162326.00000000
2018-11-27 09:00,0.00026825,0.00027468,0.00026568,0.00026844,3548330.00000000
2018-11-27 15:00,0.00026874,0.00028044,0.00026353,0.00027499,4758492.00000000
2018-11-27 21:00,0.00027473,0.00027617,0.00026769,0.00027224,4191112.00000000
2018-11-28 03:00,0.00027208,0.00027270,0.00026100,0.00026544,4240322.00000000
2018-11-28 09:00,0.00026556,0.00026556,0.00024732,0.00025184,4711599.00000000
2018-11-28 15:00,0.00025141,0.00025467,0.00024724,0.00024962,3501312.00000000
2018-11-28 21:00,0.00024962,0.00025176,0.00023600,0.00023840,6908010.00000000
2018-11-29 03:00,0.00023841,0.00024262,0.00022800,0.00023723,6688810.00000000
2018-11-29 09:00,0.00023744,0.00024600,0.00023530,0.00023945,3501036.00000000
2018-11-29 15:00,0.00023912,0.00024355,0.00022627,0.00022986,4911270.00000000
2018-11-29 21:00,0.00022990,0.00023900,0.00022867,0.00023402,5235829.00000000
2018-11-30 03:00,0.00023355,0.00024350,0.00023147,0.00023572,4284571.00000000
2018-11-30 09:00,0.00023572,0.00024086,0.00023298,0.00023478,2999481.00000000
2018-11-30 15:00,0.00023431,0.00025900,0.00023346,0.00025371,5393405.00000000
2018-11-30 21:00,0.00025349,0.00025985,0.00024784,0.00024998,4247678.00000000
2018-12-01 03:00,0.00024998,0.00025850,0.00024955,0.00025162,2623590.00000000
2018-12-01 09:00,0.00025149,0.00025568,0.00025071,0.00025439,1743767.00000000
2018-12-01 15:00,0.00025461,0.00025697,0.00024138,0.00024237,3481942.00000000
2018-12-01 21:00,0.00024238,0.00024322,0.00023463,0.00023770,2927676.00000000
2018-12-02 03:00,0.00023763,0.00024250,0.00023592,0.00024178,2024124.00000000
2018-12-02 09:00,0.00024163,0.00024725,0.00023461,0.00024499,2982689.00000000
2018-12-02 15:00,0.00024467,0.00024863,0.00023900,0.00024514,2008793.00000000
2018-12-02 21:00,0.00024547,0.00024660,0.00024163,0.00024388,1455875.00000000
2018-12-03 03:00,0.00024347,0.00024645,0.00023885,0.00024402,1597742.00000000
2018-12-03 09:00,0.00024402,0.00025540,0.00024320,0.00025301,2174983.00000000
2018-12-03 15:00,0.00025315,0.00025600,0.00024961,0.00025150,1815156.00000000
2018-12-03 21:00,0.00025150,0.00026657,0.00024910,0.00026110,4130487.00000000
2018-12-04 03:00,0.00026110,0.00026425,0.00025800,0.00026122,1954771.00000000
2018-12-04 09:00,0.00026144,0.00026667,0.00025788,0.00026562,2037357.00000000
2018-12-04 15:00,0.00026558,0.00026845,0.00025060,0.00025327,3002760.00000000
2018-12-04 21:00,0.00025327,0.00025747,0.00024790,0.00025605,2340714.00000000
2018-12-05 03:00,0.00025660,0.00025965,0.00025457,0.00025618,1916535.00000000
2018-12-05 09:00,0.00025615,0.00026300,0.00025508,0.00025961,2217117.00000000
2018-12-05 15:00,0.00025969,0.00026480,0.00025810,0.00025822,1577449.00000000
2018-12-05 21:00,0.00025858,0.00027275,0.00025765,0.00026932,3311671.00000000
2018-12-06 03:00,0.00026946,0.00027140,0.00026590,0.00027032,2371655.00000000
2018-12-06 09:00,0.00027019,0.00027649,0.00026044,0.00026133,2946754.00000000
2018-12-06 15:00,0.00026181,0.00026680,0.00026022,0.00026518,1992400.00000000
2018-12-06 21:00,0.00026502,0.00028150,0.00026389,0.00027781,5239408.00000000
2018-12-07 03:00,0.00027764,0.00029188,0.00027446,0.00029139,3965088.00000000
2018-12-07 09:00,0.00029089,0.00031964,0.00028704,0.00029452,7357778.00000000
2018-12-07 15:00,0.00029433,0.00030195,0.00029224,0.00029730,3832755.00000000
2018-12-07 21:00,0.00029750,0.00031250,0.00029269,0.00030881,5150271.00000000
2018-12-08 03:00,0.00030865,0.00031059,0.00028243,0.00029648,5064026.00000000
2018-12-08 09:00,0.00029644,0.00029673,0.00028721,0.00029217,3457502.00000000
2018-12-08 15:00,0.00029211,0.00029747,0.00029090,0.00029351,2397891.00000000
2018-12-08 21:00,0.00029328,0.00030291,0.00029317,0.00029810,3270132.00000000
2018-12-09 03:00,0.00029766,0.00030785,0.00028897,0.00029402,3418953.00000000
2018-12-09 09:00,0.00029402,0.00029522,0.00029119,0.00029400,1167609.00000000
2018-12-09 15:00,0.00029384,0.00029670,0.00029007,0.00029224,1491314.00000000
2018-12-09 21:00,0.00029225,0.00029281,0.00027438,0.00028120,4364701.00000000
2018-12-10 03:00,0.00028105,0.00028553,0.00027799,0.00028329,2690897.00000000
2018-12-10 09:00,0.00028333,0.00028500,0.00027853,0.00028349,1553107.00000000
2018-12-10 15:00,0.00028335,0.00029300,0.00028312,0.00028567,1970675.00000000
2018-12-10 21:00,0.00028572,0.00029600,0.00028572,0.00029263,2833084.00000000
2018-12-11 03:00,0.00029241,0.00029800,0.00029129,0.00029332,3131157.00000000
2018-12-11 09:00,0.00029304,0.00029679,0.00028101,0.00029284,1689057.00000000
2018-12-11 15:00,0.00029265,0.00030154,0.00029112,0.00029933,1913562.00000000
2018-12-11 21:00,0.00029933,0.00030390,0.00029758,0.00029915,2114359.00000000
2018-12-12 03:00,0.00029903,0.00030294,0.00029484,0.00029920,2002062.00000000
2018-12-12 09:00,0.00029904,0.00030071,0.00029746,0.00029856,1183410.00000000
2018-12-12 15:00,0.00029840,0.00029973,0.00029021,0.00029358,2701773.00000000
2018-12-12 21:00,0.00029350,0.00029617,0.00028795,0.00029066,2975615.00000000
2018-12-13 03:00,0.00029108,0.00029380,0.00028932,0.00029207,1607320.00000000
2018-12-13 09:00,0.00029209,0.00029900,0.00029064,0.00029710,1911472.00000000
2018-12-13 15:00,0.00029695,0.00029808,0.00029357,0.00029780,2043835.00000000
2018-12-13 21:00,0.00029787,0.00029788,0.00029300,0.00029681,1704332.00000000
2018-12-14 03:00,0.00029680,0.00031000,0.00029536,0.00030607,3902593.00000000
2018-12-14 09:00,0.00030626,0.00031200,0.00030337,0.00030764,2129692.00000000
2018-12-14 15:00,0.00030763,0.00030869,0.00030454,0.00030771,1220896.00000000
2018-12-14 21:00,0.00030757,0.00031689,0.00030488,0.00031456,2621486.00000000
2018-12-15 03:00,0.00031480,0.00031900,0.00030859,0.00031332,2066958.00000000
2018-12-15 09:00,0.00031333,0.00031403,0.00030942,0.00031125,860537.00000000
2018-12-15 15:00,0.00031108,0.00031931,0.00031017,0.00031558,1210273.00000000
2018-12-15 21:00,0.00031592,0.00032000,0.00031484,0.00031730,2089775.00000000
2018-12-16 03:00,0.00031716,0.00031840,0.00031032,0.00031496,4138104.00000000
2018-12-16 09:00,0.00031485,0.00031562,0.00030694,0.00030912,4051795.00000000
2018-12-16 15:00,0.00030911,0.00031219,0.00030510,0.00030881,1441852.00000000
2018-12-16 21:00,0.00030874,0.00031400,0.00030657,0.00031278,1405609.00000000
2018-12-17 03:00,0.00031265,0.00031374,0.00030825,0.00031295,1502101.00000000
2018-12-17 09:00,0.00031270,0.00031450,0.00031031,0.00031132,952243.00000000
2018-12-17 15:00,0.00031107,0.00031164,0.00030700,0.00030863,1492312.00000000
2018-12-17 21:00,0.00030879,0.00030880,0.00028991,0.00029179,5193689.00000000
2018-12-18 03:00,0.00029170,0.00029219,0.00027547,0.00028591,5789600.00000000
2018-12-18 09:00,0.00028591,0.00028812,0.00028254,0.00028711,2664311.00000000
2018-12-18 15:00,0.00028712,0.00029282,0.00028501,0.00028744,2961877.00000000
2018-12-18 21:00,0.00028744,0.00028894,0.00027948,0.00028456,3996233.00000000
2018-12-19 03:00,0.00028467,0.00028784,0.00027149,0.00027302,5079764.00000000
2018-12-19 09:00,0.00027302,0.00027440,0.00026500,0.00026731,5588368.00000000
2018-12-19 15:00,0.00026716,0.00027168,0.00026010,0.00026148,3545535.00000000
2018-12-19 21:00,0.00026157,0.00026755,0.00025360,0.00026408,8284926.00000000
2018-12-20 03:00,0.00026419,0.00027440,0.00026105,0.00027173,4701092.00000000
2018-12-20 09:00,0.00027190,0.00027342,0.00026577,0.00027095,2591823.00000000
2018-12-20 15:00,0.00027095,0.00027241,0.00024337,0.00024911,8298442.00000000
2018-12-20 21:00,0.00024911,0.00025222,0.00024000,0.00024602,7170055.00000000
2018-12-21 03:00,0.00024602,0.00025777,0.00024400,0.00024562,4146349.00000000
2018-12-21 09:00,0.00024546,0.00025680,0.00024059,0.00025383,5583698.00000000
2018-12-21 15:00,0.00025369,0.00025429,0.00024595,0.00024896,2847046.00000000
2018-12-21 21:00,0.00024880,0.00025521,0.00024418,0.00025377,4499148.00000000
2018-12-22 03:00,0.00025377,0.00026550,0.00025259,0.00026053,5649972.00000000
2018-12-22 09:00,0.00026064,0.00026414,0.00025852,0.00026218,2936739.00000000
2018-12-22 15:00,0.00026200,0.00026235,0.00025440,0.00025803,2512204.00000000
2018-12-22 21:00,0.00025803,0.00026350,0.00025700,0.00025963,2962667.00000000
2018-12-23 03:00,0.00025974,0.00026082,0.00025001,0.00025135,2825832.00000000
2018-12-23 09:00,0.00025129,0.00025300,0.00024844,0.00024980,2688673.00000000
2018-12-23 15:00,0.00024976,0.00025248,0.00024652,0.00024869,2749329.00000000
2018-12-23 21:00,0.00024861,0.00025618,0.00024758,0.00025277,2766883.00000000
2018-12-24 03:00,0.00025288,0.00025600,0.00024718,0.00025330,3712679.00000000
2018-12-24 09:00,0.00025363,0.00025371,0.00023607,0.00023747,5110877.00000000
2018-12-24 15:00,0.00023750,0.00024389,0.00023600,0.00024198,3378793.00000000
2018-12-24 21:00,0.00024184,0.00024826,0.00023598,0.00024507,4544675.00000000
2018-12-25 03:00,0.00024517,0.00025213,0.00024436,0.00024808,3139510.00000000
2018-12-25 09:00,0.00024808,0.00026890,0.00024739,0.00026391,6523268.00000000
2018-12-25 15:00,0.00026397,0.00027059,0.00026187,0.00026642,4783605.00000000
2018-12-25 21:00,0.00026626,0.00027161,0.00026401,0.00027025,5127839.00000000
2018-12-26 03:00,0.00027043,0.00027111,0.00026177,0.00026460,4800248.00000000
2018-12-26 09:00,0.00026442,0.00026652,0.00025875,0.00026120,3579153.00000000
2018-12-26 15:00,0.00026122,0.00026895,0.00026057,0.00026666,3642956.00000000
2018-12-26 21:00,0.00026680,0.00027159,0.00026422,0.00026601,4136491.00000000
2018-12-27 03:00,0.00026587,0.00026882,0.00026110,0.00026279,3683998.00000000
2018-12-27 09:00,0.00026265,0.00027071,0.00026044,0.00026875,4905983.00000000
2018-12-27 15:00,0.00026858,0.00026957,0.00026525,0.00026718,2900137.00000000
2018-12-27 21:00,0.00026713,0.00026911,0.00026413,0.00026739,2749423.00000000
2018-12-28 03:00,0.00026738,0.00028100,0.00026683,0.00027825,5961587.00000000
2018-12-28 09:00,0.00027826,0.00027883,0.00027661,0.00027853,1488052.00000000
2018-12-28 15:00,0.00027855,0.00028000,0.00027468,0.00027470,2670743.00000000
2018-12-28 21:00,0.00027472,0.00027796,0.00024905,0.00025931,5114391.00000000
2018-12-29 03:00,0.00025929,0.00026031,0.00025283,0.00025734,3680357.00000000
2018-12-29 09:00,0.00025706,0.00025873,0.00025531,0.00025805,1869268.00000000
2018-12-29 15:00,0.00025801,0.00026094,0.00025404,0.00025891,2914626.00000000
2018-12-29 21:00,0.00025891,0.00026247,0.00025705,0.00026036,2519389.00000000
2018-12-30 03:00,0.00026031,0.00027000,0.00025417,0.00026841,3327013.00000000
2018-12-30 09:00,0.00026838,0.00027129,0.00026520,0.00026608,2180918.00000000
2018-12-30 15:00,0.00026616,0.00026683,0.00025906,0.00026159,1982781.00000000
2018-12-30 21:00,0.00026150,0.00026680,0.00025820,0.00026186,2690754.00000000
2018-12-31 03:00,0.00026179,0.00026617,0.00025962,0.00026104,2507727.00000000
2018-12-31 09:00,0.00026111,0.00026639,0.00026046,0.00026454,2006110.00000000
2018-12-31 15:00,0.00026446,0.00026897,0.00026214,0.00026697,1651440.00000000
2018-12-31 21:00,0.00026697,0.00026772,0.00026290,0.00026690,2003689.00000000
2019-01-01 03:00,0.00026690,0.00027467,0.00026604,0.00027062,2746797.00000000
2019-01-01 09:00,0.00027061,0.00027500,0.00026931,0.00027047,1086389.00000000
2019-01-01 15:00,0.00027038,0.00027071,0.00026784,0.00026970,1012041.00000000
2019-01-01 21:00,0.00026959,0.00027270,0.00026683,0.00027125,1188473.00000000
2019-01-02 03:00,0.00027120,0.00027403,0.00026025,0.00026164,2294351.00000000
2019-01-02 09:00,0.00026164,0.00026388,0.00026062,0.00026331,1247881.00000000
2019-01-02 15:00,0.00026323,0.00026500,0.00026067,0.00026242,2272561.00000000
2019-01-02 21:00,0.00026225,0.00026321,0.00025663,0.00025996,3103057.00000000
2019-01-03 03:00,0.00025983,0.00026167,0.00025544,0.00025705,2996767.00000000
2019-01-03 09:00,0.00025708,0.00026122,0.00025649,0.00025983,1182313.00000000
2019-01-03 15:00,0.00025965,0.00026239,0.00025839,0.00026113,1636085.00000000
2019-01-03 21:00,0.00026113,0.00026592,0.00025937,0.00026482,2263351.00000000
2019-01-04 03:00,0.00026475,0.00026561,0.00026274,0.00026420,1382473.00000000
2019-01-04 09:00,0.00026398,0.00026667,0.00026243,0.00026344,2030821.00000000
2019-01-04 15:00,0.00026339,0.00026490,0.00026140,0.00026455,2417593.00000000
2019-01-04 21:00,0.00026450,0.00026773,0.00026394,0.00026519,1981345.00000000
2019-01-05 03:00,0.00026519,0.00026639,0.00025946,0.00026190,2040762.00000000
2019-01-05 09:00,0.00026190,0.00026190,0.00025666,0.00025887,1755816.00000000
2019-01-05 15:00,0.00025884,0.00026242,0.00025840,0.00026072,1130460.00000000
2019-01-05 21:00,0.00026072,0.00026261,0.00025975,0.00026068,1534950.00000000
2019-01-06 03:00,0.00026058,0.00026449,0.00025941,0.00026345,1314913.00000000
2019-01-06 09:00,0.00026330,0.00026587,0.00026228,0.00026341,769476.00000000
2019-01-06 15:00,0.00026326,0.00026430,0.00026023,0.00026104,1705077.00000000
2019-01-06 21:00,0.00026104,0.00026275,0.00024474,0.00024612,4004334.00000000
2019-01-07 03:00,0.00024619,0.00024890,0.00024493,0.00024765,4281628.00000000
2019-01-07 09:00,0.00024759,0.00024922,0.00024579,0.00024771,1566305.00000000
2019-01-07 15:00,0.00024777,0.00025208,0.00024710,0.00024875,2185577.00000000
2019-01-07 21:00,0.00024867,0.00025120,0.00024728,0.00024906,1483252.00000000
2019-01-08 03:00,0.00024903,0.00025099,0.00024791,0.00024964,1111782.00000000
2019-01-08 09:00,0.00024955,0.00025285,0.00024878,0.00025147,1826113.00000000
2019-01-08 15:00,0.00025146,0.00025215,0.00024718,0.00024805,1848580.00000000
2019-01-08 21:00,0.00024802,0.00025118,0.00024300,0.00025019,3486128.00000000
2019-01-09 03:00,0.00025020,0.00025111,0.00024882,0.00025053,1802702.00000000
2019-01-09 09:00,0.00025057,0.00025191,0.00024813,0.00024909,2217929.00000000
2019-01-09 15:00,0.00024909,0.00024979,0.00024772,0.00024874,1671622.00000000
2019-01-09 21:00,0.00024868,0.00025196,0.00024819,0.00025015,2093927.00000000
2019-01-10 03:00,0.00025004,0.00025070,0.00024842,0.00025015,1308902.00000000
2019-01-10 09:00,0.00025028,0.00025031,0.00024800,0.00024858,1201886.00000000
2019-01-10 15:00,0.00024868,0.00026647,0.00024817,0.00026461,5921416.00000000
2019-01-10 21:00,0.00026448,0.00027978,0.00026391,0.00027712,4524605.00000000
2019-01-11 03:00,0.00027712,0.00027992,0.00027444,0.00027626,3100997.00000000
2019-01-11 09:00,0.00027613,0.00027861,0.00027354,0.00027668,2475628.00000000
2019-01-11 15:00,0.00027663,0.00027729,0.00027213,0.00027524,2140304.00000000
2019-01-11 21:00,0.00027529,0.00027699,0.00027288,0.00027393,1726565.00000000
2019-01-12 03:00,0.00027393,0.00028005,0.00027160,0.00027549,3790593.00000000
2019-01-12 09:00,0.00027548,0.00027671,0.00027428,0.00027588,1882988.00000000
2019-01-12 15:00,0.00027589,0.00027751,0.00027555,0.00027710,1400610.00000000
2019-01-12 21:00,0.00027709,0.00028022,0.00027426,0.00027588,2203056.00000000
2019-01-13 03:00,0.00027587,0.00027768,0.00027430,0.00027668,1799587.00000000
2019-01-13 09:00,0.00027668,0.00027806,0.00027563,0.00027672,1076014.00000000
2019-01-13 15:00,0.00027667,0.00027771,0.00027634,0.00027652,839844.00000000
2019-01-13 21:00,0.00027645,0.00028800,0.00027451,0.00028472,3715329.00000000
2019-01-14 03:00,0.00028472,0.00029000,0.00028430,0.00028564,3613896.00000000
2019-01-14 09:00,0.00028561,0.00028620,0.00028263,0.00028343,2129649.00000000
2019-01-14 15:00,0.00028323,0.00028423,0.00028081,0.00028410,2342257.00000000
2019-01-14 21:00,0.00028408,0.00028408,0.00026990,0.00027276,3387135.00000000
2019-01-15 03:00,0.00027277,0.00027448,0.00026979,0.00027288,2507256.00000000
2019-01-15 09:00,0.00027295,0.00027364,0.00027151,0.00027337,1556156.00000000
2019-01-15 15:00,0.00027337,0.00027656,0.00027243,0.00027429,2720911.00000000
2019-01-15 21:00,0.00027429,0.00027737,0.00027250,0.00027538,2857460.00000000
2019-01-16 03:00,0.00027541,0.00028226,0.00027496,0.00027967,2938175.00000000
2019-01-16 09:00,0.00027968,0.00028073,0.00027742,0.00027770,1470735.00000000
2019-01-16 15:00,0.00027775,0.00027976,0.00027562,0.00027716,1634526.00000000
2019-01-16 21:00,0.00027716,0.00027888,0.00027224,0.00027753,2306184.00000000
2019-01-17 03:00,0.00027753,0.00028124,0.00027578,0.00027724,1293093.00000000
2019-01-17 09:00,0.00027753,0.00028000,0.00027654,0.00027901,1905607.00000000
2019-01-17 15:00,0.00027909,0.00028205,0.00027720,0.00027804,2313248.00000000
2019-01-17 21:00,0.00027817,0.00028063,0.00027420,0.00027694,2624242.00000000
2019-01-18 03:00,0.00027683,0.00027725,0.00027337,0.00027504,1852375.00000000
2019-01-18 09:00,0.00027536,0.00027712,0.00027462,0.00027638,1532451.00000000
2019-01-18 15:00,0.00027638,0.00027748,0.00027522,0.00027702,1119740.00000000
2019-01-18 21:00,0.00027702,0.00027941,0.00027588,0.00027865,1272916.00000000
2019-01-19 03:00,0.00027854,0.00027966,0.00027616,0.00027731,1243455.00000000
2019-01-19 09:00,0.00027715,0.00027755,0.00027550,0.00027639,988226.00000000
2019-01-19 15:00,0.00027632,0.00027674,0.00026720,0.00026900,1696830.00000000
2019-01-19 21:00,0.00026900,0.00027009,0.00026863,0.00026927,1256992.00000000
2019-01-20 03:00,0.00026939,0.00027240,0.00026869,0.00027186,1455774.00000000
2019-01-20 09:00,0.00027194,0.00027249,0.00026987,0.00027102,702156.00000000
2019-01-20 15:00,0.00027102,0.00027950,0.00026984,0.00027870,1548529.00000000
2019-01-20 21:00,0.00027856,0.00028760,0.00027789,0.00028376,1995005.00000000
2019-01-21 03:00,0.00028369,0.00028500,0.00028096,0.00028234,988187.00000000
2019-01-21 09:00,0.00028269,0.00028554,0.00028152,0.00028326,948611.00000000
2019-01-21 15:00,0.00028326,0.00028447,0.00028118,0.00028188,1152638.00000000
2019-01-21 21:00,0.00028206,0.00028392,0.00028017,0.00028292,1786668.00000000
2019-01-22 03:00,0.00028286,0.00028648,0.00028232,0.00028352,1522638.00000000
2019-01-22 09:00,0.00028353,0.00028445,0.00028139,0.00028398,1386837.00000000
2019-01-22 15:00,0.00028399,0.00029179,0.00028305,0.00028311,1631224.00000000
2019-01-22 21:00,0.00028311,0.00028446,0.00027819,0.00027918,2693611.00000000
2019-01-23 03:00,0.00027923,0.00028054,0.00027688,0.00027987,1361756.00000000
2019-01-23 09:00,0.00027995,0.00028039,0.00027820,0.00027984,1001721.00000000
2019-01-23 15:00,0.00027973,0.00028150,0.00027898,0.00027957,1960911.00000000
2019-01-23 21:00,0.00027957,0.00028199,0.00027676,0.00028038,1798219.00000000
2019-01-24 03:00,0.00028038,0.00028496,0.00027967,0.00028163,2214379.00000000
2019-01-24 09:00,0.00028161,0.00028400,0.00028091,0.00028322,1422872.00000000
2019-01-24 15:00,0.00028329,0.00028401,0.00028016,0.00028103,1625345.00000000
2019-01-24 21:00,0.00028098,0.00028250,0.00027977,0.00028170,1353444.00000000
2019-01-25 03:00,0.00028167,0.00028176,0.00027806,0.00028037,1442310.00000000
2019-01-25 09:00,0.00028075,0.00028168,0.00027934,0.00028082,629579.00000000
2019-01-25 15:00,0.00028084,0.00028432,0.00028016,0.00028280,1505651.00000000
2019-01-25 21:00,0.00028295,0.00028342,0.00028044,0.00028124,1261095.00000000
2019-01-26 03:00,0.00028132,0.00028296,0.00028001,0.00028084,1369489.00000000
2019-01-26 09:00,0.00028090,0.00028126,0.00027943,0.00028021,930376.00000000
2019-01-26 15:00,0.00028029,0.00028038,0.00027345,0.00027884,1594112.00000000
2019-01-26 21:00,0.00027900,0.00028242,0.00027826,0.00028118,1529388.00000000
2019-01-27 03:00,0.00028118,0.00028170,0.00028014,0.00028167,987683.00000000
2019-01-27 09:00,0.00028147,0.00028362,0.00028039,0.00028178,1737021.00000000
2019-01-27 15:00,0.00028170,0.00028461,0.00028111,0.00028276,2160187.00000000
2019-01-27 21:00,0.00028293,0.00028814,0.00028090,0.00028185,3234109.00000000
2019-01-28 03:00,0.00028185,0.00028398,0.00028133,0.00028331,1864494.00000000
2019-01-28 09:00,0.00028346,0.00029284,0.00028268,0.00029259,5199764.00000000
2019-01-28 15:00,0.00029236,0.00029551,0.00029000,0.00029346,3188030.00000000
2019-01-28 21:00,0.00029357,0.00029656,0.00029207,0.00029325,4671723.00000000
2019-01-29 03:00,0.00029333,0.00029339,0.00029075,0.00029189,3013984.00000000
2019-01-29 09:00,0.00029198,0.00029616,0.00029095,0.00029555,2862956.00000000
2019-01-29 15:00,0.00029556,0.00029910,0.00029450,0.00029645,2759470.00000000
2019-01-29 21:00,0.00029633,0.00029655,0.00029211,0.00029443,2748135.00000000
2019-01-30 03:00,0.00029422,0.00029528,0.00029249,0.00029454,1958307.00000000
2019-01-30 09:00,0.00029455,0.00029688,0.00029121,0.00029227,1688891.00000000
2019-01-30 15:00,0.00029227,0.00029366,0.00029095,0.00029294,1491680.00000000
2019-01-30 21:00,0.00029275,0.00029316,0.00028892,0.00029051,2978171.00000000
2019-01-31 03:00,0.00029051,0.00029195,0.00028962,0.00029117,2304502.00000000
2019-01-31 09:00,0.00029107,0.00029133,0.00028828,0.00029042,1151363.00000000
2019-01-31 15:00,0.00029046,0.00029449,0.00028936,0.00029340,2531127.00000000
2019-01-31 21:00,0.00029343,0.00029429,0.00029197,0.00029383,1715417.00000000
2019-02-01 03:00,0.00029371,0.00029466,0.00029171,0.00029336,1560150.00000000
2019-02-01 09:00,0.00029310,0.00029627,0.00029244,0.00029487,1666705.00000000
2019-02-01 15:00,0.00029495,0.00029647,0.00029092,0.00029256,2358869.00000000
2019-02-01 21:00,0.00029241,0.00029284,0.00029052,0.00029175,1947403.00000000
2019-02-02 03:00,0.00029180,0.00029225,0.00028947,0.00029143,2562742.00000000
2019-02-02 09:00,0.00029162,0.00029346,0.00029052,0.00029242,1917254.00000000
2019-02-02 15:00,0.00029247,0.00029329,0.00028996,0.00029051,1305326.00000000
2019-02-02 21:00,0.00029043,0.00029294,0.00029003,0.00029148,896576.00000000
2019-02-03 03:00,0.00029134,0.00029211,0.00028651,0.00028853,1325510.00000000
2019-02-03 09:00,0.00028857,0.00029100,0.00028784,0.00029041,1342013.00000000
2019-02-03 15:00,0.00029040,0.00029338,0.00028996,0.00029234,1059613.00000000
2019-02-03 21:00,0.00029232,0.00029343,0.00029130,0.00029246,881606.00000000
2019-02-04 03:00,0.00029266,0.00029555,0.00029157,0.00029307,1432260.00000000
2019-02-04 09:00,0.00029306,0.00029357,0.00029169,0.00029297,729294.00000000
2019-02-04 15:00,0.00029301,0.00029447,0.00029057,0.00029427,1402724.00000000
2019-02-04 21:00,0.00029428,0.00029472,0.00029230,0.00029259,960391.00000000
2019-02-05 03:00,0.00029259,0.00029351,0.00029143,0.00029285,1173415.00000000
2019-02-05 09:00,0.00029297,0.00029448,0.00029215,0.00029253,926441.00000000
2019-02-05 15:00,0.00029248,0.00029318,0.00029126,0.00029222,1096870.00000000
2019-02-05 21:00,0.00029217,0.00029350,0.00029179,0.00029281,901299.00000000
2019-02-06 03:00,0.00029264,0.00029309,0.00029111,0.00029170,1334932.00000000
2019-02-06 09:00,0.00029172,0.00029922,0.00029018,0.00029616,3276363.00000000
2019-02-06 15:00,0.00029617,0.00029810,0.00029542,0.00029778,1366954.00000000
2019-02-06 21:00,0.00029777,0.00029945,0.00029498,0.00029740,2628504.00000000
2019-02-07 03:00,0.00029744,0.00029866,0.00029661,0.00029704,1122085.00000000
2019-02-07 09:00,0.00029720,0.00029773,0.00029620,0.00029652,702080.00000000
2019-02-07 15:00,0.00029658,0.00029750,0.00029551,0.00029679,1486103.00000000
2019-02-07 21:00,0.00029683,0.00029855,0.00029658,0.00029778,930999.00000000
2019-02-08 03:00,0.00029784,0.00029862,0.00029715,0.00029779,749120.00000000
2019-02-08 09:00,0.00029766,0.00029971,0.00029693,0.00029723,744302.00000000
2019-02-08 15:00,0.00029712,0.00029863,0.00029398,0.00029533,2641865.00000000
2019-02-08 21:00,0.00029517,0.00029552,0.00027000,0.00027517,5833912.00000000
2019-02-09 03:00,0.00027516,0.00027925,0.00027469,0.00027683,4345517.00000000
2019-02-09 09:00,0.00027642,0.00027885,0.00027581,0.00027837,2388488.00000000
2019-02-09 15:00,0.00027839,0.00027851,0.00027505,0.00027649,2626441.00000000
2019-02-09 21:00,0.00027633,0.00027929,0.00027600,0.00027879,1629844.00000000
2019-02-10 03:00,0.00027862,0.00027930,0.00027542,0.00027612,1189033.00000000
2019-02-10 09:00,0.00027622,0.00027726,0.00027542,0.00027681,1109440.00000000
2019-02-10 15:00,0.00027692,0.00028000,0.00027661,0.00027761,1492082.00000000
2019-02-10 21:00,0.00027761,0.00027914,0.00027623,0.00027752,1391635.00000000
2019-02-11 03:00,0.00027754,0.00027826,0.00027385,0.00027415,1562813.00000000
2019-02-11 09:00,0.00027420,0.00027951,0.00027378,0.00027910,1276450.00000000
2019-02-11 15:00,0.00027892,0.00027923,0.00027748,0.00027890,741376.00000000
2019-02-11 21:00,0.00027882,0.00027955,0.00027654,0.00027842,1765608.00000000
2019-02-12 03:00,0.00027808,0.00027924,0.00027707,0.00027838,1049378.00000000
2019-02-12 09:00,0.00027842,0.00028274,0.00027826,0.00027929,1997157.00000000
2019-02-12 15:00,0.00027929,0.00028154,0.00027887,0.00028008,2087759.00000000
2019-02-12 21:00,0.00028009,0.00028044,0.00027826,0.00027909,2524047.00000000
2019-02-13 03:00,0.00027908,0.00028050,0.00027568,0.00027883,2799615.00000000
2019-02-13 09:00,0.00027883,0.00027914,0.00027716,0.00027745,1104109.00000000
2019-02-13 15:00,0.00027756,0.00028055,0.00027553,0.00027992,2810437.00000000
2019-02-13 21:00,0.00027997,0.00028130,0.00027881,0.00027993,1934146.00000000
2019-02-14 03:00,0.00027996,0.00028011,0.00027928,0.00027983,200100.00000000
